EnergyImpactID,Version,VersionSource,LastMod,PA,BldgType,BldgVint,BldgLoc,BldgHVAC,NormUnit,NumUnit,MeasArea,ScaleBasis,APreWBkWh,APreWBkW,APreWBtherm,AStdWBkWh,AStdWBkW,AStdWBtherm,APreEUkWh,APreEUkW,APreEUtherm,AStdEUkWh,AStdEUkW,AStdEUtherm,ElecImpactProfileID,GasImpactProfileID,Flag,SourceDesc,APreUseWBkWh,APreUseWBtherm,AStdUseWBkWh,AStdUseWBtherm,AMsrUseWBkWh,AMsrUseWBtherm,APreUseEUkWh,APreUseEUtherm,AStdUseEUkWh,AStdUseEUtherm,AMsrUseEUkWh,AMsrUseEUtherm
NB-Fenest-ManufWin,DEER2024,D24_E+_Com_v1,2026-09-14 20:09:17,Any,Asm,Ex,CZ01,cWtd,Each,1,68000,None,-900,2.34,431,,,,,,,,,,,,20,"",500024.48,16978.334129692834,,,500924.79000000004,16547.21979522184,,,,,,
NB-Fenest-ManufWin,DEER2024,D24_E+_Com_v1,2026-09-14 20:09:17,Any,Asm,Ex,CZ02,cWtd,Each,1,68000,None,1040,2.55,290,,,,,,,,,,,,20,"",606496.54,17153.485324232082,,,605455.78,16863.501023890785,,,,,,
NB-Fenest-ManufWin,DEER2024,D24_E+_Com_v1,2026-09-14 20:09:17,Any,Asm,Ex,CZ03,cWtd,Each,1,68000,None,117,0.824,195,,,,,,,,,,,,20,"",517045.55000000005,10155.268600682593,,,516928.79,9960.40853242321,,,,,,
NB-Fenest-ManufWin,DEER2024,D24_E+_Com_v1,2026-09-14 20:09:17,Any,Asm,Ex,CZ04,cWtd,Each,1,68000,None,3830,5.33,250,,,,,,,,,,,,20,"",689841.38,17706.808873720136,,,686008.8300000001,17456.57303754266,,,,,,
NB-Fenest-ManufWin,DEER2024,D24_E+_Com_v1,2026-09-14 20:09:17,Any,Asm,Ex,CZ05,cWtd,Each,1,68000,None,3050,1.57,235,,,,,,,,,,,,20,"",534275.4900000001,10905.486348122866,,,531228.4099999999,10670.198634812286,,,,,,
NB-Fenest-ManufWin,DEER2024,D24_E+_Com_v1,2026-09-14 20:09:17,Any,Asm,Ex,CZ06,cWtd,Each,1,68000,None,-3300,0.983,-120,,,,,,,,,,,,20,"",611187.25,8214.690102389079,,,614489.42,8334.939931740615,,,,,,
NB-Fenest-ManufWin,DEER2024,D24_E+_Com_v1,2026-09-14 20:09:17,Any,Asm,Ex,CZ07,cWtd,Each,1,68000,None,1380,2.99,-46,,,,,,,,,,,,20,"",643737.0399999999,9643.139590443685,,,642355.68,9689.163822525597,,,,,,
NB-Fenest-ManufWin,DEER2024,D24_E+_Com_v1,2026-09-14 20:09:17,Any,Asm,Ex,CZ08,cWtd,Each,1,68000,None,8070,4.11,124,,,,,,,,,,,,20,"",755888.3800000001,13557.932423208193,,,747814.12,13433.898293515356,,,,,,
NB-Fenest-ManufWin,DEER2024,D24_E+_Com_v1,2026-09-14 20:09:17,Any,Asm,Ex,CZ09,cWtd,Each,1,68000,None,6950,3.62,36.3,,,,,,,,,,,,20,"",752503.0400000002,13661.467918088738,,,745548.3099999999,13625.163822525597,,,,,,
NB-Fenest-ManufWin,DEER2024,D24_E+_Com_v1,2026-09-14 20:09:17,Any,Asm,Ex,CZ10,cWtd,Each,1,68000,None,1260,2.41,230,,,,,,,,,,,,20,"",783108.79,14962.74675767918,,,781846.93,14732.321160409556,,,,,,
NB-Fenest-ManufWin,DEER2024,D24_E+_Com_v1,2026-09-14 20:09:17,Any,Asm,Ex,CZ11,cWtd,Each,1,68000,None,5490,5.31,503,,,,,,,,,,,,20,"",787893.89,20576.471672354946,,,782403.01,20073.924573378838,,,,,,
NB-Fenest-ManufWin,DEER2024,D24_E+_Com_v1,2026-09-14 20:09:17,Any,Asm,Ex,CZ12,cWtd,Each,1,68000,None,2140,3.52,346,,,,,,,,,,,,20,"",696496.65,18147.75733788396,,,694356.1200000001,17802.23447098976,,,,,,
NB-Fenest-ManufWin,DEER2024,D24_E+_Com_v1,2026-09-14 20:09:17,Any,Asm,Ex,CZ13,cWtd,Each,1,68000,None,5460,5.05,409,,,,,,,,,,,,20,"",807541.4500000001,19942.66723549488,,,802085.47,19533.820819112625,,,,,,
NB-Fenest-ManufWin,DEER2024,D24_E+_Com_v1,2026-09-14 20:09:17,Any,Asm,Ex,CZ14,cWtd,Each,1,68000,None,2400,4.04,343,,,,,,,,,,,,20,"",793172.85,21179.470648464165,,,790768.21,20835.979180887374,,,,,,
NB-Fenest-ManufWin,DEER2024,D24_E+_Com_v1,2026-09-14 20:09:17,Any,Asm,Ex,CZ15,cWtd,Each,1,68000,None,7630,5.38,349,,,,,,,,,,,,20,"",1005961.86,15214.931740614335,,,998332.52,14865.61604095563,,,,,,
NB-Fenest-ManufWin,DEER2024,D24_E+_Com_v1,2026-09-14 20:09:17,Any,Asm,Ex,CZ16,cWtd,Each,1,68000,None,389,2.53,658,,,,,,,,,,,,20,"",587760.21,20532.080887372016,,,587371.14,19874.119453924915,,,,,,
NB-Fenest-ManufWin,DEER2024,D24_E+_Com_v1,2026-09-14 20:09:17,Any,ECC,Ex,CZ01,cWtd,Each,1,284000,None,270,3.55,2060,,,,,,,,,,,,20,"",1698262.07,31361.07337883959,,,1697992.3,29304.07372013652,,,,,,
NB-Fenest-ManufWin,DEER2024,D24_E+_Com_v1,2026-09-14 20:09:17,Any,ECC,Ex,CZ02,cWtd,Each,1,284000,None,27600,15.1,1460,,,,,,,,,,,,20,"",2158908.8000000003,27971.026962457338,,,2131308.1100000003,26515.419795221846,,,,,,
NB-Fenest-ManufWin,DEER2024,D24_E+_Com_v1,2026-09-14 20:09:17,Any,ECC,Ex,CZ03,cWtd,Each,1,284000,None,16400,10.6,908,,,,,,,,,,,,20,"",1948102.21,23351.18020477816,,,1931722.67,22443.56962457338,,,,,,
NB-Fenest-ManufWin,DEER2024,D24_E+_Com_v1,2026-09-14 20:09:17,Any,ECC,Ex,CZ04,cWtd,Each,1,284000,None,21400,14.1,1250,,,,,,,,,,,,20,"",2438054.67,26299.30204778157,,,2416642.4499999997,25044.46109215017,,,,,,
NB-Fenest-ManufWin,DEER2024,D24_E+_Com_v1,2026-09-14 20:09:17,Any,ECC,Ex,CZ05,cWtd,Each,1,284000,None,21400,7.77,797,,,,,,,,,,,,20,"",1985525.43,23643.82218430034,,,1964165.5199999998,22846.53481228669,,,,,,
NB-Fenest-ManufWin,DEER2024,D24_E+_Com_v1,2026-09-14 20:09:17,Any,ECC,Ex,CZ06,cWtd,Each,1,284000,None,29100,15.1,360,,,,,,,,,,,,20,"",2317967.4000000004,18401.29829351536,,,2288847.7800000003,18041.146075085326,,,,,,
NB-Fenest-ManufWin,DEER2024,D24_E+_Com_v1,2026-09-14 20:09:17,Any,ECC,Ex,CZ07,cWtd,Each,1,284000,None,31300,11.9,364,,,,,,,,,,,,20,"",2383087.0500000003,18859.121843003413,,,2351778.3800000004,18494.70170648464,,,,,,
NB-Fenest-ManufWin,DEER2024,D24_E+_Com_v1,2026-09-14 20:09:17,Any,ECC,Ex,CZ08,cWtd,Each,1,284000,None,47200,-2.55,554,,,,,,,,,,,,20,"",2634198.8200000003,19592.263822525594,,,2586973.3100000005,19038.526279863483,,,,,,
NB-Fenest-ManufWin,DEER2024,D24_E+_Com_v1,2026-09-14 20:09:17,Any,ECC,Ex,CZ09,cWtd,Each,1,284000,None,82000,19.8,609,,,,,,,,,,,,20,"",2654229.8400000003,20273.02627986348,,,2572229.62,19664.116723549487,,,,,,
NB-Fenest-ManufWin,DEER2024,D24_E+_Com_v1,2026-09-14 20:09:17,Any,ECC,Ex,CZ10,cWtd,Each,1,284000,None,21100,10.4,1120,,,,,,,,,,,,20,"",2706113.0700000003,21400.864846416385,,,2685007.94,20277.593174061432,,,,,,
NB-Fenest-ManufWin,DEER2024,D24_E+_Com_v1,2026-09-14 20:09:17,Any,ECC,Ex,CZ11,cWtd,Each,1,284000,None,43800,11.5,1880,,,,,,,,,,,,20,"",2673296.21,26447.044368600684,,,2629478.14,24564.24470989761,,,,,,
NB-Fenest-ManufWin,DEER2024,D24_E+_Com_v1,2026-09-14 20:09:17,Any,ECC,Ex,CZ12,cWtd,Each,1,284000,None,18700,26.6,1650,,,,,,,,,,,,20,"",2426708.71,26319.547440273036,,,2407996.54,24665.48293515358,,,,,,
NB-Fenest-ManufWin,DEER2024,D24_E+_Com_v1,2026-09-14 20:09:17,Any,ECC,Ex,CZ13,cWtd,Each,1,284000,None,23000,-11.8,1330,,,,,,,,,,,,20,"",2746601.1799999997,24054.578498293515,,,2723595.1,22727.305119453926,,,,,,
NB-Fenest-ManufWin,DEER2024,D24_E+_Com_v1,2026-09-14 20:09:17,Any,ECC,Ex,CZ14,cWtd,Each,1,284000,None,19200,16,1600,,,,,,,,,,,,20,"",2712024.54,24354.76109215017,,,2692840.41,22756.725938566553,,,,,,
NB-Fenest-ManufWin,DEER2024,D24_E+_Com_v1,2026-09-14 20:09:17,Any,ECC,Ex,CZ15,cWtd,Each,1,284000,None,56400,16,577,,,,,,,,,,,,20,"",3474387.7400000007,17929.986006825937,,,3418003.18,17352.592150170647,,,,,,
NB-Fenest-ManufWin,DEER2024,D24_E+_Com_v1,2026-09-14 20:09:17,Any,ECC,Ex,CZ16,cWtd,Each,1,284000,None,-25600,-2.21,2930,,,,,,,,,,,,20,"",2174925.0300000003,34273.818771331054,,,2200525.83,31341.56109215017,,,,,,
NB-Fenest-ManufWin,DEER2024,D24_E+_Com_v1,2026-09-14 20:09:17,Any,EPr,Ex,CZ01,cWtd,Each,1,40700,None,1890,0.518,142,,,,,,,,,,,,20,"",228763.37,6831.614675767918,,,226870.71,6689.509897610922,,,,,,
NB-Fenest-ManufWin,DEER2024,D24_E+_Com_v1,2026-09-14 20:09:17,Any,EPr,Ex,CZ02,cWtd,Each,1,40700,None,4070,1.34,67,,,,,,,,,,,,20,"",246572.56,5722.644027303754,,,242505.86,5655.595221843003,,,,,,
NB-Fenest-ManufWin,DEER2024,D24_E+_Com_v1,2026-09-14 20:09:17,Any,EPr,Ex,CZ03,cWtd,Each,1,40700,None,3450,1.17,34.5,,,,,,,,,,,,20,"",233996.19999999998,5168.045051194539,,,230541.33000000002,5133.509897610921,,,,,,
NB-Fenest-ManufWin,DEER2024,D24_E+_Com_v1,2026-09-14 20:09:17,Any,EPr,Ex,CZ04,cWtd,Each,1,40700,None,4980,1.91,40.1,,,,,,,,,,,,20,"",264360.27,5315.863481228668,,,259377.66,5275.729010238907,,,,,,
NB-Fenest-ManufWin,DEER2024,D24_E+_Com_v1,2026-09-14 20:09:17,Any,EPr,Ex,CZ05,cWtd,Each,1,40700,None,3860,1.01,18.6,,,,,,,,,,,,20,"",235761.18,5173.24709897611,,,231897.47999999998,5154.6638225255965,,,,,,
NB-Fenest-ManufWin,DEER2024,D24_E+_Com_v1,2026-09-14 20:09:17,Any,EPr,Ex,CZ06,cWtd,Each,1,40700,None,3660,0.984,12.9,,,,,,,,,,,,20,"",246383.86,4362.2372013651875,,,242726.81,4349.378839590443,,,,,,
NB-Fenest-ManufWin,DEER2024,D24_E+_Com_v1,2026-09-14 20:09:17,Any,EPr,Ex,CZ07,cWtd,Each,1,40700,None,3990,1.47,10.2,,,,,,,,,,,,20,"",244772.62,4321.325938566553,,,240779.33000000002,4311.105119453925,,,,,,
NB-Fenest-ManufWin,DEER2024,D24_E+_Com_v1,2026-09-14 20:09:17,Any,EPr,Ex,CZ08,cWtd,Each,1,40700,None,5000,1.66,11.7,,,,,,,,,,,,20,"",262538.86,4340.133105802048,,,257542.27,4328.458703071672,,,,,,
NB-Fenest-ManufWin,DEER2024,D24_E+_Com_v1,2026-09-14 20:09:17,Any,EPr,Ex,CZ09,cWtd,Each,1,40700,None,5360,1.81,15.6,,,,,,,,,,,,20,"",265634.73,4414.201365187713,,,260279.15,4398.639590443686,,,,,,
NB-Fenest-ManufWin,DEER2024,D24_E+_Com_v1,2026-09-14 20:09:17,Any,EPr,Ex,CZ10,cWtd,Each,1,40700,None,2300,0.833,50.3,,,,,,,,,,,,20,"",267824.11,4426.770989761092,,,265525.69,4376.513310580204,,,,,,
NB-Fenest-ManufWin,DEER2024,D24_E+_Com_v1,2026-09-14 20:09:17,Any,EPr,Ex,CZ11,cWtd,Each,1,40700,None,6120,2.02,98.2,,,,,,,,,,,,20,"",284486,5241.700682593857,,,278369.78,5143.534470989761,,,,,,
NB-Fenest-ManufWin,DEER2024,D24_E+_Com_v1,2026-09-14 20:09:17,Any,EPr,Ex,CZ12,cWtd,Each,1,40700,None,4200,1.68,87.6,,,,,,,,,,,,20,"",262960.91000000003,5375.800341296928,,,258757.68,5288.24300341297,,,,,,
NB-Fenest-ManufWin,DEER2024,D24_E+_Com_v1,2026-09-14 20:09:17,Any,EPr,Ex,CZ13,cWtd,Each,1,40700,None,5470,1.88,65.8,,,,,,,,,,,,20,"",286586.91000000003,4920.6320819112625,,,281120.83999999997,4854.853924914676,,,,,,
NB-Fenest-ManufWin,DEER2024,D24_E+_Com_v1,2026-09-14 20:09:17,Any,EPr,Ex,CZ14,cWtd,Each,1,40700,None,4090,1.35,96.4,,,,,,,,,,,,20,"",284348.6,5086.2976109215015,,,280261.23,4989.908873720137,,,,,,
NB-Fenest-ManufWin,DEER2024,D24_E+_Com_v1,2026-09-14 20:09:17,Any,EPr,Ex,CZ15,cWtd,Each,1,40700,None,5640,2.58,18,,,,,,,,,,,,20,"",334558.44999999995,3782.876450511945,,,328920.32000000007,3764.8375426621155,,,,,,
NB-Fenest-ManufWin,DEER2024,D24_E+_Com_v1,2026-09-14 20:09:17,Any,EPr,Ex,CZ16,cWtd,Each,1,40700,None,3700,0.943,213,,,,,,,,,,,,20,"",258908.69,6749.71638225256,,,255210.28999999998,6537.141979522185,,,,,,
NB-Fenest-ManufWin,DEER2024,D24_E+_Com_v1,2026-09-14 20:09:17,Any,ERC,Ex,CZ01,cWtd,Each,1,2880,None,181,0.04,-0.0297,,,,,,,,,,,,20,"",7761.37,493.1348122866894,,,7580.48,493.16450511945396,,,,,,
NB-Fenest-ManufWin,DEER2024,D24_E+_Com_v1,2026-09-14 20:09:17,Any,ERC,Ex,CZ02,cWtd,Each,1,2880,None,250,0.091,-0.131,,,,,,,,,,,,20,"",8550.01,410.076109215017,,,8299.710000000001,410.20682593856657,,,,,,
NB-Fenest-ManufWin,DEER2024,D24_E+_Com_v1,2026-09-14 20:09:17,Any,ERC,Ex,CZ03,cWtd,Each,1,2880,None,171,0.059,-0.768,,,,,,,,,,,,20,"",7766.509999999999,378.57235494880547,,,7595.35,379.340614334471,,,,,,
NB-Fenest-ManufWin,DEER2024,D24_E+_Com_v1,2026-09-14 20:09:17,Any,ERC,Ex,CZ04,cWtd,Each,1,2880,None,315,0.126,-0.724,,,,,,,,,,,,20,"",9385.11,383.21433447098974,,,9070.220000000001,383.9385665529011,,,,,,
NB-Fenest-ManufWin,DEER2024,D24_E+_Com_v1,2026-09-14 20:09:17,Any,ERC,Ex,CZ05,cWtd,Each,1,2880,None,187,0.051,-1.76,,,,,,,,,,,,20,"",7780.5199999999995,376.4460750853242,,,7593.099999999999,378.2030716723549,,,,,,
NB-Fenest-ManufWin,DEER2024,D24_E+_Com_v1,2026-09-14 20:09:17,Any,ERC,Ex,CZ06,cWtd,Each,1,2880,None,185,0.051,-0.303,,,,,,,,,,,,20,"",7962.849999999999,324.5945392491467,,,7777.429999999999,324.89726962457337,,,,,,
NB-Fenest-ManufWin,DEER2024,D24_E+_Com_v1,2026-09-14 20:09:17,Any,ERC,Ex,CZ07,cWtd,Each,1,2880,None,183,0.061,-0.331,,,,,,,,,,,,20,"",7911.319999999999,322.26996587030715,,,7728.039999999999,322.6006825938567,,,,,,
NB-Fenest-ManufWin,DEER2024,D24_E+_Com_v1,2026-09-14 20:09:17,Any,ERC,Ex,CZ08,cWtd,Each,1,2880,None,256,0.109,-0.264,,,,,,,,,,,,20,"",8823.94,323.74812286689416,,,8567.800000000001,324.01194539249144,,,,,,
NB-Fenest-ManufWin,DEER2024,D24_E+_Com_v1,2026-09-14 20:09:17,Any,ERC,Ex,CZ09,cWtd,Each,1,2880,None,273,0.123,-0.323,,,,,,,,,,,,20,"",9077.44,328.25460750853244,,,8804.890000000001,328.57747440273033,,,,,,
NB-Fenest-ManufWin,DEER2024,D24_E+_Com_v1,2026-09-14 20:09:17,Any,ERC,Ex,CZ10,cWtd,Each,1,2880,None,164,0.064,1.16,,,,,,,,,,,,20,"",9182.51,329.1566552901023,,,9018.37,327.99556313993173,,,,,,
NB-Fenest-ManufWin,DEER2024,D24_E+_Com_v1,2026-09-14 20:09:17,Any,ERC,Ex,CZ11,cWtd,Each,1,2880,None,320,0.109,1.84,,,,,,,,,,,,20,"",10479.660000000002,383.71433447098974,,,10159.460000000003,381.8709897610921,,,,,,
NB-Fenest-ManufWin,DEER2024,D24_E+_Com_v1,2026-09-14 20:09:17,Any,ERC,Ex,CZ12,cWtd,Each,1,2880,None,266,0.112,1.34,,,,,,,,,,,,20,"",9344.26,390.0607508532423,,,9077.98,388.7242320819113,,,,,,
NB-Fenest-ManufWin,DEER2024,D24_E+_Com_v1,2026-09-14 20:09:17,Any,ERC,Ex,CZ13,cWtd,Each,1,2880,None,300,0.129,1.01,,,,,,,,,,,,20,"",10613.220000000001,362.1409556313993,,,10313.02,361.1286689419795,,,,,,
NB-Fenest-ManufWin,DEER2024,D24_E+_Com_v1,2026-09-14 20:09:17,Any,ERC,Ex,CZ14,cWtd,Each,1,2880,None,254,0.079,1.99,,,,,,,,,,,,20,"",10476.850000000002,369.74402730375425,,,10222.490000000002,367.75358361774744,,,,,,
NB-Fenest-ManufWin,DEER2024,D24_E+_Com_v1,2026-09-14 20:09:17,Any,ERC,Ex,CZ15,cWtd,Each,1,2880,None,278,0.125,0.416,,,,,,,,,,,,20,"",12532.11,298.1085324232082,,,12254.570000000002,297.69249146757676,,,,,,
NB-Fenest-ManufWin,DEER2024,D24_E+_Com_v1,2026-09-14 20:09:17,Any,ERC,Ex,CZ16,cWtd,Each,1,2880,None,263,0.072,4.12,,,,,,,,,,,,20,"",9524.77,472.3948805460751,,,9262,468.27952218430033,,,,,,
NB-Fenest-ManufWin,DEER2024,D24_E+_Com_v1,2026-09-14 20:09:17,Any,ESe,Ex,CZ01,cWtd,Each,1,74400,None,3480,1.72,639,,,,,,,,,,,,20,"",656877.62,21476.981911262796,,,653394.36,20837.515358361772,,,,,,
NB-Fenest-ManufWin,DEER2024,D24_E+_Com_v1,2026-09-14 20:09:17,Any,ESe,Ex,CZ02,cWtd,Each,1,74400,None,7060,2.76,286,,,,,,,,,,,,20,"",760502.69,18828.287030716725,,,753446.7000000001,18542.02730375427,,,,,,
NB-Fenest-ManufWin,DEER2024,D24_E+_Com_v1,2026-09-14 20:09:17,Any,ESe,Ex,CZ03,cWtd,Each,1,74400,None,7110,2.36,203,,,,,,,,,,,,20,"",696258.51,15290.673720136518,,,689149.56,15087.23003412969,,,,,,
NB-Fenest-ManufWin,DEER2024,D24_E+_Com_v1,2026-09-14 20:09:17,Any,ESe,Ex,CZ04,cWtd,Each,1,74400,None,9080,4.18,143,,,,,,,,,,,,20,"",838419.1600000001,17851.472354948804,,,829343.32,17708.068600682593,,,,,,
NB-Fenest-ManufWin,DEER2024,D24_E+_Com_v1,2026-09-14 20:09:17,Any,ESe,Ex,CZ05,cWtd,Each,1,74400,None,7640,1.73,169,,,,,,,,,,,,20,"",713289.7300000001,15587.496928327646,,,705648.5,15418.722525597268,,,,,,
NB-Fenest-ManufWin,DEER2024,D24_E+_Com_v1,2026-09-14 20:09:17,Any,ESe,Ex,CZ06,cWtd,Each,1,74400,None,7520,2.53,70.2,,,,,,,,,,,,20,"",763284.0000000001,11667.38976109215,,,755762.7599999999,11597.175085324232,,,,,,
NB-Fenest-ManufWin,DEER2024,D24_E+_Com_v1,2026-09-14 20:09:17,Any,ESe,Ex,CZ07,cWtd,Each,1,74400,None,5390,1.72,-0.0867,,,,,,,,,,,,20,"",763535.0700000001,11380.335836177475,,,758148.38,11380.422525597269,,,,,,
NB-Fenest-ManufWin,DEER2024,D24_E+_Com_v1,2026-09-14 20:09:17,Any,ESe,Ex,CZ08,cWtd,Each,1,74400,None,11500,4.8,90.8,,,,,,,,,,,,20,"",841487.43,12088.574061433446,,,829991.4299999999,11997.737542662115,,,,,,
NB-Fenest-ManufWin,DEER2024,D24_E+_Com_v1,2026-09-14 20:09:17,Any,ESe,Ex,CZ09,cWtd,Each,1,74400,None,10900,4.89,99.6,,,,,,,,,,,,20,"",850161.1,12576.599317406142,,,839284.49,12476.989419795222,,,,,,
NB-Fenest-ManufWin,DEER2024,D24_E+_Com_v1,2026-09-14 20:09:17,Any,ESe,Ex,CZ10,cWtd,Each,1,74400,None,3680,0.513,168,,,,,,,,,,,,20,"",885441.3899999999,13033.674061433447,,,881763.8200000001,12865.34846416382,,,,,,
NB-Fenest-ManufWin,DEER2024,D24_E+_Com_v1,2026-09-14 20:09:17,Any,ESe,Ex,CZ11,cWtd,Each,1,74400,None,9760,5.09,269,,,,,,,,,,,,20,"",899204.37,17596.269624573375,,,889445.9600000001,17327.198293515357,,,,,,
NB-Fenest-ManufWin,DEER2024,D24_E+_Com_v1,2026-09-14 20:09:17,Any,ESe,Ex,CZ12,cWtd,Each,1,74400,None,7390,3.8,311,,,,,,,,,,,,20,"",824454.61,17564.370648464163,,,817063.91,17253.666552901024,,,,,,
NB-Fenest-ManufWin,DEER2024,D24_E+_Com_v1,2026-09-14 20:09:17,Any,ESe,Ex,CZ13,cWtd,Each,1,74400,None,8640,3.89,123,,,,,,,,,,,,20,"",907080.73,16212.381911262799,,,898444.2999999999,16088.963822525597,,,,,,
NB-Fenest-ManufWin,DEER2024,D24_E+_Com_v1,2026-09-14 20:09:17,Any,ESe,Ex,CZ14,cWtd,Each,1,74400,None,5130,2.28,171,,,,,,,,,,,,20,"",894309.5599999999,16846.340614334473,,,889183.7300000001,16675.42696245734,,,,,,
NB-Fenest-ManufWin,DEER2024,D24_E+_Com_v1,2026-09-14 20:09:17,Any,ESe,Ex,CZ15,cWtd,Each,1,74400,None,9040,10.7,-255,,,,,,,,,,,,20,"",1083871.6,11133.836518771332,,,1074827.23,11388.462116040955,,,,,,
NB-Fenest-ManufWin,DEER2024,D24_E+_Com_v1,2026-09-14 20:09:17,Any,ESe,Ex,CZ16,cWtd,Each,1,74400,None,3820,0.174,848,,,,,,,,,,,,20,"",767927.06,21726.34232081911,,,764102.4999999999,20878.75119453925,,,,,,
NB-Fenest-ManufWin,DEER2024,D24_E+_Com_v1,2026-09-14 20:09:17,Any,EUn,Ex,CZ01,cWtd,Each,1,858000,None,6220,12,8370,,,,,,,,,,,,20,"",5802476.72,66623.48737201365,,,5796252.170000001,58254.63276450512,,,,,,
NB-Fenest-ManufWin,DEER2024,D24_E+_Com_v1,2026-09-14 20:09:17,Any,EUn,Ex,CZ02,cWtd,Each,1,858000,None,114000,71.4,6370,,,,,,,,,,,,20,"",7039522.29,57534.040273037535,,,6925420.8,51164.06245733788,,,,,,
NB-Fenest-ManufWin,DEER2024,D24_E+_Com_v1,2026-09-14 20:09:17,Any,EUn,Ex,CZ03,cWtd,Each,1,858000,None,56400,38.8,4330,,,,,,,,,,,,20,"",6503478.24,46192.70887372014,,,6447125.03,41867.39556313993,,,,,,
NB-Fenest-ManufWin,DEER2024,D24_E+_Com_v1,2026-09-14 20:09:17,Any,EUn,Ex,CZ04,cWtd,Each,1,858000,None,173000,92.9,5860,,,,,,,,,,,,20,"",7706394.049999999,55226.67986348123,,,7533314.579999999,49370.49146757679,,,,,,
NB-Fenest-ManufWin,DEER2024,D24_E+_Com_v1,2026-09-14 20:09:17,Any,EUn,Ex,CZ05,cWtd,Each,1,858000,None,84300,35.3,4080,,,,,,,,,,,,20,"",6646188.67,47676.03003412969,,,6561930.850000001,43592.18532423208,,,,,,
NB-Fenest-ManufWin,DEER2024,D24_E+_Com_v1,2026-09-14 20:09:17,Any,EUn,Ex,CZ06,cWtd,Each,1,858000,None,103000,41,1920,,,,,,,,,,,,20,"",7657162.43,34654.86006825938,,,7554523.3,32730.5228668942,,,,,,
NB-Fenest-ManufWin,DEER2024,D24_E+_Com_v1,2026-09-14 20:09:17,Any,EUn,Ex,CZ07,cWtd,Each,1,858000,None,113000,50.2,1900,,,,,,,,,,,,20,"",7825076.71,36275.36211604096,,,7712158.359999999,34379.890784982934,,,,,,
NB-Fenest-ManufWin,DEER2024,D24_E+_Com_v1,2026-09-14 20:09:17,Any,EUn,Ex,CZ08,cWtd,Each,1,858000,None,186000,76.7,2530,,,,,,,,,,,,20,"",8413004.84,38209.52423208191,,,8226661.589999999,35680.58976109215,,,,,,
NB-Fenest-ManufWin,DEER2024,D24_E+_Com_v1,2026-09-14 20:09:17,Any,EUn,Ex,CZ09,cWtd,Each,1,858000,None,196000,83.7,3170,,,,,,,,,,,,20,"",8375331.7299999995,40594.58122866894,,,8179629.21,37425.349488054606,,,,,,
NB-Fenest-ManufWin,DEER2024,D24_E+_Com_v1,2026-09-14 20:09:17,Any,EUn,Ex,CZ10,cWtd,Each,1,858000,None,64700,45.9,4210,,,,,,,,,,,,20,"",8450185.86,42035.01399317406,,,8385497.15,37826.30989761092,,,,,,
NB-Fenest-ManufWin,DEER2024,D24_E+_Com_v1,2026-09-14 20:09:17,Any,EUn,Ex,CZ11,cWtd,Each,1,858000,None,216000,92.3,7960,,,,,,,,,,,,20,"",8396706.18,57727.76825938566,,,8180444.640000001,49765.60955631399,,,,,,
NB-Fenest-ManufWin,DEER2024,D24_E+_Com_v1,2026-09-14 20:09:17,Any,EUn,Ex,CZ12,cWtd,Each,1,858000,None,124000,75.7,6560,,,,,,,,,,,,20,"",7710842.03,54827.51058020478,,,7586857.799999999,48268.095221843,,,,,,
NB-Fenest-ManufWin,DEER2024,D24_E+_Com_v1,2026-09-14 20:09:17,Any,EUn,Ex,CZ13,cWtd,Each,1,858000,None,204000,73.4,6530,,,,,,,,,,,,20,"",8628468.28,52045.26825938566,,,8424949.79,45516.508532423206,,,,,,
NB-Fenest-ManufWin,DEER2024,D24_E+_Com_v1,2026-09-14 20:09:17,Any,EUn,Ex,CZ14,cWtd,Each,1,858000,None,172000,65.5,8030,,,,,,,,,,,,20,"",8552555.770000001,56488.86791808874,,,8380069.7299999995,48456.64675767918,,,,,,
NB-Fenest-ManufWin,DEER2024,D24_E+_Com_v1,2026-09-14 20:09:17,Any,EUn,Ex,CZ15,cWtd,Each,1,858000,None,300000,105,5920,,,,,,,,,,,,20,"",10487722.34,43631.1361774744,,,10187575.69,37709.49556313993,,,,,,
NB-Fenest-ManufWin,DEER2024,D24_E+_Com_v1,2026-09-14 20:09:17,Any,EUn,Ex,CZ16,cWtd,Each,1,858000,None,44500,32,10600,,,,,,,,,,,,20,"",7267348.779999999,72429.24709897612,,,7222890.9399999995,61837.70307167235,,,,,,
NB-Fenest-ManufWin,DEER2024,D24_E+_Com_v1,2026-09-14 20:09:17,Any,Fin,Ex,CZ01,cWtd,Each,1,3600,None,1480,0.304,60.5,,,,,,,,,,,,20,"",53803.340000000004,897.1972696245734,,,52318.950000000004,836.6856655290102,,,,,,
NB-Fenest-ManufWin,DEER2024,D24_E+_Com_v1,2026-09-14 20:09:17,Any,Fin,Ex,CZ02,cWtd,Each,1,3600,None,2250,0.658,35.2,,,,,,,,,,,,20,"",59282.49,759.7092150170649,,,57034.87,724.5546075085324,,,,,,
NB-Fenest-ManufWin,DEER2024,D24_E+_Com_v1,2026-09-14 20:09:17,Any,Fin,Ex,CZ03,cWtd,Each,1,3600,None,1800,0.526,21.8,,,,,,,,,,,,20,"",55635.5,668.8740614334472,,,53830.670000000006,647.0327645051195,,,,,,
NB-Fenest-ManufWin,DEER2024,D24_E+_Com_v1,2026-09-14 20:09:17,Any,Fin,Ex,CZ04,cWtd,Each,1,3600,None,2560,0.966,26.2,,,,,,,,,,,,20,"",62955.91000000001,698.5296928327645,,,60392.28,672.3600682593857,,,,,,
NB-Fenest-ManufWin,DEER2024,D24_E+_Com_v1,2026-09-14 20:09:17,Any,Fin,Ex,CZ05,cWtd,Each,1,3600,None,2000,0.471,16.9,,,,,,,,,,,,20,"",56250.14000000001,655.8249146757678,,,54254.340000000004,638.9576791808875,,,,,,
NB-Fenest-ManufWin,DEER2024,D24_E+_Com_v1,2026-09-14 20:09:17,Any,Fin,Ex,CZ06,cWtd,Each,1,3600,None,1800,0.449,6.14,,,,,,,,,,,,20,"",57537.11,554.736518771331,,,55737.5,548.6006825938566,,,,,,
NB-Fenest-ManufWin,DEER2024,D24_E+_Com_v1,2026-09-14 20:09:17,Any,Fin,Ex,CZ07,cWtd,Each,1,3600,None,1790,0.538,4.73,,,,,,,,,,,,20,"",57354.86,545.5631399317406,,,55568.090000000004,540.8286689419795,,,,,,
NB-Fenest-ManufWin,DEER2024,D24_E+_Com_v1,2026-09-14 20:09:17,Any,Fin,Ex,CZ08,cWtd,Each,1,3600,None,2280,0.848,7.02,,,,,,,,,,,,20,"",61483.86000000001,552.001023890785,,,59201.69000000001,544.9778156996587,,,,,,
NB-Fenest-ManufWin,DEER2024,D24_E+_Com_v1,2026-09-14 20:09:17,Any,Fin,Ex,CZ09,cWtd,Each,1,3600,None,2450,0.955,8.8,,,,,,,,,,,,20,"",62553.780000000006,563.8931740614335,,,60102.23,555.0945392491468,,,,,,
NB-Fenest-ManufWin,DEER2024,D24_E+_Com_v1,2026-09-14 20:09:17,Any,Fin,Ex,CZ10,cWtd,Each,1,3600,None,1470,0.524,16.1,,,,,,,,,,,,20,"",62558.04,561.4863481228668,,,61084.11000000001,545.3839590443686,,,,,,
NB-Fenest-ManufWin,DEER2024,D24_E+_Com_v1,2026-09-14 20:09:17,Any,Fin,Ex,CZ11,cWtd,Each,1,3600,None,2700,1.01,41.9,,,,,,,,,,,,20,"",66672.1,707.013651877133,,,63970.58,665.1436860068259,,,,,,
NB-Fenest-ManufWin,DEER2024,D24_E+_Com_v1,2026-09-14 20:09:17,Any,Fin,Ex,CZ12,cWtd,Each,1,3600,None,2190,0.877,37,,,,,,,,,,,,20,"",62136.329999999994,716.9092150170648,,,59942.200000000004,679.9242320819112,,,,,,
NB-Fenest-ManufWin,DEER2024,D24_E+_Com_v1,2026-09-14 20:09:17,Any,Fin,Ex,CZ13,cWtd,Each,1,3600,None,2580,1.04,29.8,,,,,,,,,,,,20,"",66675.22,654.0726962457338,,,64090.77,624.2508532423208,,,,,,
NB-Fenest-ManufWin,DEER2024,D24_E+_Com_v1,2026-09-14 20:09:17,Any,Fin,Ex,CZ14,cWtd,Each,1,3600,None,2110,0.722,34.8,,,,,,,,,,,,20,"",66273.43,659.8498293515357,,,64164.65,625.0986348122866,,,,,,
NB-Fenest-ManufWin,DEER2024,D24_E+_Com_v1,2026-09-14 20:09:17,Any,Fin,Ex,CZ15,cWtd,Each,1,3600,None,2380,0.897,6.78,,,,,,,,,,,,20,"",75330.10999999999,481.5559726962457,,,72946.84999999999,474.77269624573375,,,,,,
NB-Fenest-ManufWin,DEER2024,D24_E+_Com_v1,2026-09-14 20:09:17,Any,Fin,Ex,CZ16,cWtd,Each,1,3600,None,2340,0.421,76.7,,,,,,,,,,,,20,"",61324.48,901.1443686006827,,,58980.43,824.4873720136518,,,,,,
NB-Fenest-ManufWin,DEER2024,D24_E+_Com_v1,2026-09-14 20:09:17,Any,Gro,Ex,CZ01,cWtd,Each,1,50000,None,-879,0.245,265,,,,,,,,,,,,20,"",1568485.74,11520.656655290102,,,1569364.65,11255.970648464163,,,,,,
NB-Fenest-ManufWin,DEER2024,D24_E+_Com_v1,2026-09-14 20:09:17,Any,Gro,Ex,CZ02,cWtd,Each,1,50000,None,1130,0.627,169,,,,,,,,,,,,20,"",1701630.0999999999,8333.570307167236,,,1700500.82,8164.519112627986,,,,,,
NB-Fenest-ManufWin,DEER2024,D24_E+_Com_v1,2026-09-14 20:09:17,Any,Gro,Ex,CZ03,cWtd,Each,1,50000,None,273,0.673,102,,,,,,,,,,,,20,"",1752653.52,6631.109556313993,,,1752380.4900000002,6529.308532423208,,,,,,
NB-Fenest-ManufWin,DEER2024,D24_E+_Com_v1,2026-09-14 20:09:17,Any,Gro,Ex,CZ04,cWtd,Each,1,50000,None,1630,1.46,115,,,,,,,,,,,,20,"",1829463.51,6970.908873720136,,,1827829.55,6855.990784982935,,,,,,
NB-Fenest-ManufWin,DEER2024,D24_E+_Com_v1,2026-09-14 20:09:17,Any,Gro,Ex,CZ05,cWtd,Each,1,50000,None,-491,0.621,91.6,,,,,,,,,,,,20,"",1774314.66,6303.548122866894,,,1774805.58,6211.96928327645,,,,,,
NB-Fenest-ManufWin,DEER2024,D24_E+_Com_v1,2026-09-14 20:09:17,Any,Gro,Ex,CZ06,cWtd,Each,1,50000,None,1470,0.354,30.5,,,,,,,,,,,,20,"",2086390.4699999997,3382.5296928327643,,,2084922.85,3352.043003412969,,,,,,
NB-Fenest-ManufWin,DEER2024,D24_E+_Com_v1,2026-09-14 20:09:17,Any,Gro,Ex,CZ07,cWtd,Each,1,50000,None,1940,0.591,21.9,,,,,,,,,,,,20,"",2094483.7799999998,3220.178498293515,,,2092547.87,3198.2600682593857,,,,,,
NB-Fenest-ManufWin,DEER2024,D24_E+_Com_v1,2026-09-14 20:09:17,Any,Gro,Ex,CZ08,cWtd,Each,1,50000,None,2580,1.16,27.2,,,,,,,,,,,,20,"",2088075.8900000001,3515.2938566552903,,,2085498.1800000002,3488.11023890785,,,,,,
NB-Fenest-ManufWin,DEER2024,D24_E+_Com_v1,2026-09-14 20:09:17,Any,Gro,Ex,CZ09,cWtd,Each,1,50000,None,2750,1.4,35.6,,,,,,,,,,,,20,"",2058128.77,3920.9860068259386,,,2055377.4700000002,3885.3423208191125,,,,,,
NB-Fenest-ManufWin,DEER2024,D24_E+_Com_v1,2026-09-14 20:09:17,Any,Gro,Ex,CZ10,cWtd,Each,1,50000,None,558,0.8,108,,,,,,,,,,,,20,"",2072210.55,3925.412627986348,,,2071652.67,3817.086348122867,,,,,,
NB-Fenest-ManufWin,DEER2024,D24_E+_Com_v1,2026-09-14 20:09:17,Any,Gro,Ex,CZ11,cWtd,Each,1,50000,None,2110,1.74,173,,,,,,,,,,,,20,"",1950184.52,6925.302730375426,,,1948075.28,6752.008532423207,,,,,,
NB-Fenest-ManufWin,DEER2024,D24_E+_Com_v1,2026-09-14 20:09:17,Any,Gro,Ex,CZ12,cWtd,Each,1,50000,None,2730,1.36,167,,,,,,,,,,,,20,"",1839507.6099999999,7206.643003412969,,,1836781.0699999998,7039.786006825938,,,,,,
NB-Fenest-ManufWin,DEER2024,D24_E+_Com_v1,2026-09-14 20:09:17,Any,Gro,Ex,CZ13,cWtd,Each,1,50000,None,2720,1.34,135,,,,,,,,,,,,20,"",1989549.7000000002,6183.457679180887,,,1986830.4500000002,6048.01228668942,,,,,,
NB-Fenest-ManufWin,DEER2024,D24_E+_Com_v1,2026-09-14 20:09:17,Any,Gro,Ex,CZ14,cWtd,Each,1,50000,None,233,1.18,173,,,,,,,,,,,,20,"",2014944.8,6041.007508532423,,,2014711.5499999998,5867.508532423208,,,,,,
NB-Fenest-ManufWin,DEER2024,D24_E+_Com_v1,2026-09-14 20:09:17,Any,Gro,Ex,CZ15,cWtd,Each,1,50000,None,3120,2.31,48.7,,,,,,,,,,,,20,"",2313350.66,2516.729351535836,,,2310226.96,2468.0682593856654,,,,,,
NB-Fenest-ManufWin,DEER2024,D24_E+_Com_v1,2026-09-14 20:09:17,Any,Gro,Ex,CZ16,cWtd,Each,1,50000,None,445,0.373,299,,,,,,,,,,,,20,"",1838436.5999999999,9971.938225255972,,,1837992.1,9673.353242320818,,,,,,
NB-Fenest-ManufWin,DEER2024,D24_E+_Com_v1,2026-09-14 20:09:17,Any,Hsp,Ex,CZ01,cWtd,Each,1,494000,None,3450,2.58,1760,,,,,,,,,,,,20,"",2450471.72,27755.821160409556,,,2447016.8600000003,25999.824573378843,,,,,,
NB-Fenest-ManufWin,DEER2024,D24_E+_Com_v1,2026-09-14 20:09:17,Any,Hsp,Ex,CZ02,cWtd,Each,1,494000,None,20100,9.07,1300,,,,,,,,,,,,20,"",3075067.89,26569.35085324232,,,3055002.5500000003,25266.289078498292,,,,,,
NB-Fenest-ManufWin,DEER2024,D24_E+_Com_v1,2026-09-14 20:09:17,Any,Hsp,Ex,CZ03,cWtd,Each,1,494000,None,11900,7.46,954,,,,,,,,,,,,20,"",2740728.1399999997,20284.4180887372,,,2728824.42,19330.450170648463,,,,,,
NB-Fenest-ManufWin,DEER2024,D24_E+_Com_v1,2026-09-14 20:09:17,Any,Hsp,Ex,CZ04,cWtd,Each,1,494000,None,30500,12.1,1260,,,,,,,,,,,,20,"",3446720.11,25407.898634812285,,,3416266.27,24149.01706484642,,,,,,
NB-Fenest-ManufWin,DEER2024,D24_E+_Com_v1,2026-09-14 20:09:17,Any,Hsp,Ex,CZ05,cWtd,Each,1,494000,None,17200,6.82,880,,,,,,,,,,,,20,"",2811843.2100000004,20624.476450511942,,,2794644.2900000005,19744.756313993177,,,,,,
NB-Fenest-ManufWin,DEER2024,D24_E+_Com_v1,2026-09-14 20:09:17,Any,Hsp,Ex,CZ06,cWtd,Each,1,494000,None,24200,6.71,409,,,,,,,,,,,,20,"",3257699.8499999996,13464.96348122867,,,3233516.95,13056.151535836178,,,,,,
NB-Fenest-ManufWin,DEER2024,D24_E+_Com_v1,2026-09-14 20:09:17,Any,Hsp,Ex,CZ07,cWtd,Each,1,494000,None,25700,9.04,442,,,,,,,,,,,,20,"",3335650.48,13251.554607508531,,,3309963.8300000005,12809.113993174062,,,,,,
NB-Fenest-ManufWin,DEER2024,D24_E+_Com_v1,2026-09-14 20:09:17,Any,Hsp,Ex,CZ08,cWtd,Each,1,494000,None,36900,12.9,622,,,,,,,,,,,,20,"",3718539.2,15101.2590443686,,,3681647.99,14478.833788395903,,,,,,
NB-Fenest-ManufWin,DEER2024,D24_E+_Com_v1,2026-09-14 20:09:17,Any,Hsp,Ex,CZ09,cWtd,Each,1,494000,None,38100,14.1,727,,,,,,,,,,,,20,"",3690814.95,16568.964846416384,,,3652695.64,15842.023208191127,,,,,,
NB-Fenest-ManufWin,DEER2024,D24_E+_Com_v1,2026-09-14 20:09:17,Any,Hsp,Ex,CZ10,cWtd,Each,1,494000,None,16400,7.16,1040,,,,,,,,,,,,20,"",3856764.34,18979.81228668942,,,3840338.9899999998,17942.282935153584,,,,,,
NB-Fenest-ManufWin,DEER2024,D24_E+_Com_v1,2026-09-14 20:09:17,Any,Hsp,Ex,CZ11,cWtd,Each,1,494000,None,30200,10.9,1690,,,,,,,,,,,,20,"",3806181.52,26515.42389078498,,,3775973.8699999996,24821.440614334468,,,,,,
NB-Fenest-ManufWin,DEER2024,D24_E+_Com_v1,2026-09-14 20:09:17,Any,Hsp,Ex,CZ12,cWtd,Each,1,494000,None,26700,18,1150,,,,,,,,,,,,20,"",3438199.2,25088.974061433444,,,3411484.02,23938.61638225256,,,,,,
NB-Fenest-ManufWin,DEER2024,D24_E+_Com_v1,2026-09-14 20:09:17,Any,Hsp,Ex,CZ13,cWtd,Each,1,494000,None,28200,9.55,1310,,,,,,,,,,,,20,"",3887703.9600000004,23961.763822525594,,,3859502.5799999996,22655.2843003413,,,,,,
NB-Fenest-ManufWin,DEER2024,D24_E+_Com_v1,2026-09-14 20:09:17,Any,Hsp,Ex,CZ14,cWtd,Each,1,494000,None,25700,7.38,1590,,,,,,,,,,,,20,"",3884584.23,23144.562116040957,,,3858906.59,21551.409897610924,,,,,,
NB-Fenest-ManufWin,DEER2024,D24_E+_Com_v1,2026-09-14 20:09:17,Any,Hsp,Ex,CZ15,cWtd,Each,1,494000,None,39000,15.3,1050,,,,,,,,,,,,20,"",4747538.67,17102.1566552901,,,4708585.87,16056.760409556313,,,,,,
NB-Fenest-ManufWin,DEER2024,D24_E+_Com_v1,2026-09-14 20:09:17,Any,Hsp,Ex,CZ16,cWtd,Each,1,494000,None,16700,5.52,2320,,,,,,,,,,,,20,"",3306221.8400000003,33196.23310580204,,,3289567.13,30880.620819112624,,,,,,
NB-Fenest-ManufWin,DEER2024,D24_E+_Com_v1,2026-09-14 20:09:17,Any,Htl,Ex,CZ01,cWtd,Each,1,137000,None,-3710,-0.341,1020,,,,,,,,,,,,20,"",372941.71,5933.7911262798625,,,376656.64,4917.414675767918,,,,,,
NB-Fenest-ManufWin,DEER2024,D24_E+_Com_v1,2026-09-14 20:09:17,Any,Htl,Ex,CZ02,cWtd,Each,1,137000,None,2460,2.99,469,,,,,,,,,,,,20,"",434246.79,4953.876450511946,,,431786.99,4484.921501706485,,,,,,
NB-Fenest-ManufWin,DEER2024,D24_E+_Com_v1,2026-09-14 20:09:17,Any,Htl,Ex,CZ03,cWtd,Each,1,137000,None,1090,3.9,214,,,,,,,,,,,,20,"",398691.95,3123.617747440273,,,397598.29000000004,2909.7122866894197,,,,,,
NB-Fenest-ManufWin,DEER2024,D24_E+_Com_v1,2026-09-14 20:09:17,Any,Htl,Ex,CZ04,cWtd,Each,1,137000,None,7140,6.21,285,,,,,,,,,,,,20,"",480020.75,4792.745733788396,,,472878.06999999995,4507.318088737201,,,,,,
NB-Fenest-ManufWin,DEER2024,D24_E+_Com_v1,2026-09-14 20:09:17,Any,Htl,Ex,CZ05,cWtd,Each,1,137000,None,1580,2.22,192,,,,,,,,,,,,20,"",403352.14999999997,3080.4440273037544,,,401767.48000000004,2888.7880546075085,,,,,,
NB-Fenest-ManufWin,DEER2024,D24_E+_Com_v1,2026-09-14 20:09:17,Any,Htl,Ex,CZ06,cWtd,Each,1,137000,None,2210,3.51,-83.5,,,,,,,,,,,,20,"",454880.39999999997,2115.31023890785,,,452666.76000000007,2198.8382252559727,,,,,,
NB-Fenest-ManufWin,DEER2024,D24_E+_Com_v1,2026-09-14 20:09:17,Any,Htl,Ex,CZ07,cWtd,Each,1,137000,None,1780,3.98,54.1,,,,,,,,,,,,20,"",457518.06999999995,2150.641296928328,,,455734.94,2096.5221843003415,,,,,,
NB-Fenest-ManufWin,DEER2024,D24_E+_Com_v1,2026-09-14 20:09:17,Any,Htl,Ex,CZ08,cWtd,Each,1,137000,None,11800,5.89,-25.2,,,,,,,,,,,,20,"",516011.85,2719.7334470989763,,,504261.55000000005,2744.948464163823,,,,,,
NB-Fenest-ManufWin,DEER2024,D24_E+_Com_v1,2026-09-14 20:09:17,Any,Htl,Ex,CZ09,cWtd,Each,1,137000,None,12500,5.59,187,,,,,,,,,,,,20,"",512951.53,2883.461774744027,,,500416.12,2696.623890784983,,,,,,
NB-Fenest-ManufWin,DEER2024,D24_E+_Com_v1,2026-09-14 20:09:17,Any,Htl,Ex,CZ10,cWtd,Each,1,137000,None,3330,3.57,112,,,,,,,,,,,,20,"",523826.78,3173.751535836178,,,520499.23000000004,3061.8682593856656,,,,,,
NB-Fenest-ManufWin,DEER2024,D24_E+_Com_v1,2026-09-14 20:09:17,Any,Htl,Ex,CZ11,cWtd,Each,1,137000,None,10400,8.69,670,,,,,,,,,,,,20,"",533998.8300000001,6088.321160409556,,,523603.00000000006,5417.906484641637,,,,,,
NB-Fenest-ManufWin,DEER2024,D24_E+_Com_v1,2026-09-14 20:09:17,Any,Htl,Ex,CZ12,cWtd,Each,1,137000,None,2350,5.55,599,,,,,,,,,,,,20,"",478915.07,5264.330034129693,,,476567.1,4665.239249146757,,,,,,
NB-Fenest-ManufWin,DEER2024,D24_E+_Com_v1,2026-09-14 20:09:17,Any,Htl,Ex,CZ13,cWtd,Each,1,137000,None,14100,9.1,606,,,,,,,,,,,,20,"",544018.26,5340.564163822525,,,529886.57,4735.060750853242,,,,,,
NB-Fenest-ManufWin,DEER2024,D24_E+_Com_v1,2026-09-14 20:09:17,Any,Htl,Ex,CZ14,cWtd,Each,1,137000,None,3090,5.35,615,,,,,,,,,,,,20,"",525642.57,5282.222525597269,,,522554.99,4667.458703071673,,,,,,
NB-Fenest-ManufWin,DEER2024,D24_E+_Com_v1,2026-09-14 20:09:17,Any,Htl,Ex,CZ15,cWtd,Each,1,137000,None,19800,10.6,386,,,,,,,,,,,,20,"",680689.56,4148.268941979522,,,660861.28,3761.820819112628,,,,,,
NB-Fenest-ManufWin,DEER2024,D24_E+_Com_v1,2026-09-14 20:09:17,Any,Htl,Ex,CZ16,cWtd,Each,1,137000,None,3320,3.31,1400,,,,,,,,,,,,20,"",428416.36,7216.3180887372,,,425094.38,5818.755290102389,,,,,,
NB-Fenest-ManufWin,DEER2024,D24_E+_Com_v1,2026-09-14 20:09:17,Any,Lib,Ex,CZ01,cWtd,Each,1,10000,None,1970,0.436,101,,,,,,,,,,,,20,"",88873.70999999999,1427.2880546075082,,,86905.26,1325.8805460750855,,,,,,
NB-Fenest-ManufWin,DEER2024,D24_E+_Com_v1,2026-09-14 20:09:17,Any,Lib,Ex,CZ02,cWtd,Each,1,10000,None,3740,1.25,50.7,,,,,,,,,,,,20,"",97960.95999999999,1070.2914675767918,,,94217.91,1019.5430034129693,,,,,,
NB-Fenest-ManufWin,DEER2024,D24_E+_Com_v1,2026-09-14 20:09:17,Any,Lib,Ex,CZ03,cWtd,Each,1,10000,None,3210,1.01,26.4,,,,,,,,,,,,20,"",90621.91999999998,874.7713310580205,,,87414.19,848.3453924914675,,,,,,
NB-Fenest-ManufWin,DEER2024,D24_E+_Com_v1,2026-09-14 20:09:17,Any,Lib,Ex,CZ04,cWtd,Each,1,10000,None,4410,1.82,35.8,,,,,,,,,,,,20,"",105165.37,940.2218430034129,,,100752.55,904.4484641638223,,,,,,
NB-Fenest-ManufWin,DEER2024,D24_E+_Com_v1,2026-09-14 20:09:17,Any,Lib,Ex,CZ05,cWtd,Each,1,10000,None,3500,0.901,18.8,,,,,,,,,,,,20,"",91120.23,857.6887372013653,,,87618.44,838.9098976109213,,,,,,
NB-Fenest-ManufWin,DEER2024,D24_E+_Com_v1,2026-09-14 20:09:17,Any,Lib,Ex,CZ06,cWtd,Each,1,10000,None,2940,0.819,8.89,,,,,,,,,,,,20,"",92811.9,655.124914675768,,,89871.66,646.2307167235496,,,,,,
NB-Fenest-ManufWin,DEER2024,D24_E+_Com_v1,2026-09-14 20:09:17,Any,Lib,Ex,CZ07,cWtd,Each,1,10000,None,2820,1.07,7.14,,,,,,,,,,,,20,"",92386.3,645.8279863481227,,,89564.15,638.6911262798635,,,,,,
NB-Fenest-ManufWin,DEER2024,D24_E+_Com_v1,2026-09-14 20:09:17,Any,Lib,Ex,CZ08,cWtd,Each,1,10000,None,3900,1.61,9.19,,,,,,,,,,,,20,"",101141.75999999998,661.186348122867,,,97242.34999999999,651.9969283276452,,,,,,
NB-Fenest-ManufWin,DEER2024,D24_E+_Com_v1,2026-09-14 20:09:17,Any,Lib,Ex,CZ09,cWtd,Each,1,10000,None,4370,1.84,12.3,,,,,,,,,,,,20,"",103647.52999999998,681.9559726962458,,,99280.31999999999,669.6061433447098,,,,,,
NB-Fenest-ManufWin,DEER2024,D24_E+_Com_v1,2026-09-14 20:09:17,Any,Lib,Ex,CZ10,cWtd,Each,1,10000,None,2410,1.04,29.4,,,,,,,,,,,,20,"",103502.32999999999,692.5006825938565,,,101089.76,663.0686006825938,,,,,,
NB-Fenest-ManufWin,DEER2024,D24_E+_Com_v1,2026-09-14 20:09:17,Any,Lib,Ex,CZ11,cWtd,Each,1,10000,None,4800,1.62,68.5,,,,,,,,,,,,20,"",114394.53,982.1744027303754,,,109592.23,913.7238907849829,,,,,,
NB-Fenest-ManufWin,DEER2024,D24_E+_Com_v1,2026-09-14 20:09:17,Any,Lib,Ex,CZ12,cWtd,Each,1,10000,None,3760,1.66,62.1,,,,,,,,,,,,20,"",105045.25999999998,992.1716723549488,,,101287.20999999999,930.0593856655289,,,,,,
NB-Fenest-ManufWin,DEER2024,D24_E+_Com_v1,2026-09-14 20:09:17,Any,Lib,Ex,CZ13,cWtd,Each,1,10000,None,4660,1.66,46.2,,,,,,,,,,,,20,"",115416.6,857.9754266211604,,,110755.43,811.7938566552901,,,,,,
NB-Fenest-ManufWin,DEER2024,D24_E+_Com_v1,2026-09-14 20:09:17,Any,Lib,Ex,CZ14,cWtd,Each,1,10000,None,3520,1.05,64,,,,,,,,,,,,20,"",112822.01999999999,893.6146757679179,,,109297.45,829.6378839590443,,,,,,
NB-Fenest-ManufWin,DEER2024,D24_E+_Com_v1,2026-09-14 20:09:17,Any,Lib,Ex,CZ15,cWtd,Each,1,10000,None,4240,1.87,10.4,,,,,,,,,,,,20,"",131732.8,556.0245733788396,,,127491.31999999999,545.5897610921502,,,,,,
NB-Fenest-ManufWin,DEER2024,D24_E+_Com_v1,2026-09-14 20:09:17,Any,Lib,Ex,CZ16,cWtd,Each,1,10000,None,3940,0.546,144,,,,,,,,,,,,20,"",104295.44,1440.6986348122866,,,100352.9,1296.4464163822527,,,,,,
NB-Fenest-ManufWin,DEER2024,D24_E+_Com_v1,2026-09-14 20:09:17,Any,MBT,Ex,CZ01,cWtd,Each,1,400000,None,1850,2.07,1010,,,,,,,,,,,,20,"",2966304.8600000003,182615.7313993174,,,2964454.76,181607.66484641636,,,,,,
NB-Fenest-ManufWin,DEER2024,D24_E+_Com_v1,2026-09-14 20:09:17,Any,MBT,Ex,CZ02,cWtd,Each,1,400000,None,12000,5.97,725,,,,,,,,,,,,20,"",3295981.78,147317.33310580204,,,3283948.61,146592.7071672355,,,,,,
NB-Fenest-ManufWin,DEER2024,D24_E+_Com_v1,2026-09-14 20:09:17,Any,MBT,Ex,CZ03,cWtd,Each,1,400000,None,13400,7.61,419,,,,,,,,,,,,20,"",3115259.36,118881.13924914676,,,3101858.1799999997,118462.46587030716,,,,,,
NB-Fenest-ManufWin,DEER2024,D24_E+_Com_v1,2026-09-14 20:09:17,Any,MBT,Ex,CZ04,cWtd,Each,1,400000,None,16700,10.2,593,,,,,,,,,,,,20,"",3525502.62,128822.6276450512,,,3508815.85,128229.26450511946,,,,,,
NB-Fenest-ManufWin,DEER2024,D24_E+_Com_v1,2026-09-14 20:09:17,Any,MBT,Ex,CZ05,cWtd,Each,1,400000,None,16000,6.74,375,,,,,,,,,,,,20,"",3132653.96,124748.81296928326,,,3116671.9800000004,124374.29965870306,,,,,,
NB-Fenest-ManufWin,DEER2024,D24_E+_Com_v1,2026-09-14 20:09:17,Any,MBT,Ex,CZ06,cWtd,Each,1,400000,None,14900,6.98,173,,,,,,,,,,,,20,"",3369506.9699999997,70218.6699658703,,,3354643.8800000004,70045.21535836178,,,,,,
NB-Fenest-ManufWin,DEER2024,D24_E+_Com_v1,2026-09-14 20:09:17,Any,MBT,Ex,CZ07,cWtd,Each,1,400000,None,14800,7.01,167,,,,,,,,,,,,20,"",3415803.8699999996,66914.13959044368,,,3400993.82,66746.6675767918,,,,,,
NB-Fenest-ManufWin,DEER2024,D24_E+_Com_v1,2026-09-14 20:09:17,Any,MBT,Ex,CZ08,cWtd,Each,1,400000,None,23300,6.97,234,,,,,,,,,,,,20,"",3673776.6999999997,74134.63105802047,,,3650489.3800000004,73900.16621160408,,,,,,
NB-Fenest-ManufWin,DEER2024,D24_E+_Com_v1,2026-09-14 20:09:17,Any,MBT,Ex,CZ09,cWtd,Each,1,400000,None,24000,7.6,305,,,,,,,,,,,,20,"",3662649.04,78738.67440273038,,,3638619.89,78433.9460750853,,,,,,
NB-Fenest-ManufWin,DEER2024,D24_E+_Com_v1,2026-09-14 20:09:17,Any,MBT,Ex,CZ10,cWtd,Each,1,400000,None,11100,3.97,579,,,,,,,,,,,,20,"",3766875.5999999996,81065.7986348123,,,3755799.64,80486.5348122867,,,,,,
NB-Fenest-ManufWin,DEER2024,D24_E+_Com_v1,2026-09-14 20:09:17,Any,MBT,Ex,CZ11,cWtd,Each,1,400000,None,34800,22,763,,,,,,,,,,,,20,"",3895133.5399999996,116880.50989761091,,,3860325.2399999998,116117.90784982935,,,,,,
NB-Fenest-ManufWin,DEER2024,D24_E+_Com_v1,2026-09-14 20:09:17,Any,MBT,Ex,CZ12,cWtd,Each,1,400000,None,13700,8.41,819,,,,,,,,,,,,20,"",3571681.3799999994,124000.8843003413,,,3557961.77,123182.38156996587,,,,,,
NB-Fenest-ManufWin,DEER2024,D24_E+_Com_v1,2026-09-14 20:09:17,Any,MBT,Ex,CZ13,cWtd,Each,1,400000,None,18500,7.86,750,,,,,,,,,,,,20,"",3984292.09,106722.03515358361,,,3965768.42,105972.04402730375,,,,,,
NB-Fenest-ManufWin,DEER2024,D24_E+_Com_v1,2026-09-14 20:09:17,Any,MBT,Ex,CZ14,cWtd,Each,1,400000,None,13900,6.98,919,,,,,,,,,,,,20,"",3806265,109367.87030716724,,,3792335.0500000003,108448.51535836178,,,,,,
NB-Fenest-ManufWin,DEER2024,D24_E+_Com_v1,2026-09-14 20:09:17,Any,MBT,Ex,CZ15,cWtd,Each,1,400000,None,33400,16.8,446,,,,,,,,,,,,20,"",4883381.329999999,58673.10409556314,,,4849964.89,58227.318771331054,,,,,,
NB-Fenest-ManufWin,DEER2024,D24_E+_Com_v1,2026-09-14 20:09:17,Any,MBT,Ex,CZ16,cWtd,Each,1,400000,None,10400,4.66,1560,,,,,,,,,,,,20,"",3036394.08,138979.19078498293,,,3025979.6099999994,137421.719112628,,,,,,
NB-Fenest-ManufWin,DEER2024,D24_E+_Com_v1,2026-09-14 20:09:17,Any,MLI,Ex,CZ01,cWtd,Each,1,100000,None,133,-0.012,52.7,,,,,,,,,,,,20,"",607930.63,22725.267235494877,,,607797.47,22672.588395904437,,,,,,
NB-Fenest-ManufWin,DEER2024,D24_E+_Com_v1,2026-09-14 20:09:17,Any,MLI,Ex,CZ02,cWtd,Each,1,100000,None,669,0.541,20.1,,,,,,,,,,,,20,"",764291.89,20329.044027303753,,,763623.3699999999,20308.945051194543,,,,,,
NB-Fenest-ManufWin,DEER2024,D24_E+_Com_v1,2026-09-14 20:09:17,Any,MLI,Ex,CZ03,cWtd,Each,1,100000,None,782,0.704,18.4,,,,,,,,,,,,20,"",629850.83,12743.974744027304,,,629068.85,12725.534812286689,,,,,,
NB-Fenest-ManufWin,DEER2024,D24_E+_Com_v1,2026-09-14 20:09:17,Any,MLI,Ex,CZ04,cWtd,Each,1,100000,None,844,0.202,-38.6,,,,,,,,,,,,20,"",844843.2999999999,19069.73686006826,,,843999.6399999999,19108.31023890785,,,,,,
NB-Fenest-ManufWin,DEER2024,D24_E+_Com_v1,2026-09-14 20:09:17,Any,MLI,Ex,CZ05,cWtd,Each,1,100000,None,1840,1.31,54,,,,,,,,,,,,20,"",661390.82,14269.534470989762,,,659554.23,14215.55494880546,,,,,,
NB-Fenest-ManufWin,DEER2024,D24_E+_Com_v1,2026-09-14 20:09:17,Any,MLI,Ex,CZ06,cWtd,Each,1,100000,None,375,0.16,-36.3,,,,,,,,,,,,20,"",680665.69,6048.359385665529,,,680291.14,6084.639249146758,,,,,,
NB-Fenest-ManufWin,DEER2024,D24_E+_Com_v1,2026-09-14 20:09:17,Any,MLI,Ex,CZ07,cWtd,Each,1,100000,None,-3890,3.89,-397,,,,,,,,,,,,20,"",709216.0600000002,6699.919453924915,,,713102.07,7096.800341296928,,,,,,
NB-Fenest-ManufWin,DEER2024,D24_E+_Com_v1,2026-09-14 20:09:17,Any,MLI,Ex,CZ08,cWtd,Each,1,100000,None,2810,1.24,-1.24,,,,,,,,,,,,20,"",780580.07,7335.50204778157,,,777767.2000000001,7336.741979522183,,,,,,
NB-Fenest-ManufWin,DEER2024,D24_E+_Com_v1,2026-09-14 20:09:17,Any,MLI,Ex,CZ09,cWtd,Each,1,100000,None,2580,1.09,-8.83,,,,,,,,,,,,20,"",791384.77,8374.340273037542,,,788804.1900000001,8383.168941979522,,,,,,
NB-Fenest-ManufWin,DEER2024,D24_E+_Com_v1,2026-09-14 20:09:17,Any,MLI,Ex,CZ10,cWtd,Each,1,100000,None,3260,2.43,113,,,,,,,,,,,,20,"",812169.64,8437.237883959044,,,808907.6399999999,8324.150170648465,,,,,,
NB-Fenest-ManufWin,DEER2024,D24_E+_Com_v1,2026-09-14 20:09:17,Any,MLI,Ex,CZ11,cWtd,Each,1,100000,None,2900,0.869,122,,,,,,,,,,,,20,"",863977.98,16635.132081911263,,,861073.07,16512.87372013652,,,,,,
NB-Fenest-ManufWin,DEER2024,D24_E+_Com_v1,2026-09-14 20:09:17,Any,MLI,Ex,CZ12,cWtd,Each,1,100000,None,2430,1.37,116,,,,,,,,,,,,20,"",801395.58,16344.956655290103,,,798966.85,16229.076450511946,,,,,,
NB-Fenest-ManufWin,DEER2024,D24_E+_Com_v1,2026-09-14 20:09:17,Any,MLI,Ex,CZ13,cWtd,Each,1,100000,None,745,1.78,41.4,,,,,,,,,,,,20,"",870098.2,13916.898976109214,,,869353.43,13875.539931740614,,,,,,
NB-Fenest-ManufWin,DEER2024,D24_E+_Com_v1,2026-09-14 20:09:17,Any,MLI,Ex,CZ14,cWtd,Each,1,100000,None,3610,1.96,198,,,,,,,,,,,,20,"",902978.34,16359.505119453925,,,899365.44,16161.339249146757,,,,,,
NB-Fenest-ManufWin,DEER2024,D24_E+_Com_v1,2026-09-14 20:09:17,Any,MLI,Ex,CZ15,cWtd,Each,1,100000,None,1060,1.55,-2.49,,,,,,,,,,,,20,"",1232936.6399999997,14695.0795221843,,,1231873.24,14697.564846416382,,,,,,
NB-Fenest-ManufWin,DEER2024,D24_E+_Com_v1,2026-09-14 20:09:17,Any,MLI,Ex,CZ16,cWtd,Each,1,100000,None,2800,1.03,196,,,,,,,,,,,,20,"",777897.5199999999,25258.672696245732,,,775099.5100000001,25062.321160409556,,,,,,
NB-Fenest-ManufWin,DEER2024,D24_E+_Com_v1,2026-09-14 20:09:17,Any,Mtl,Ex,CZ01,cWtd,Each,1,30000,None,0,0,0,,,,,,,,,,,,20,"",95462.12000000001,3236.1941979522185,,,95462.12000000001,3236.1941979522185,,,,,,
NB-Fenest-ManufWin,DEER2024,D24_E+_Com_v1,2026-09-14 20:09:17,Any,Mtl,Ex,CZ02,cWtd,Each,1,30000,None,0,0,0,,,,,,,,,,,,20,"",114404.54,2451.5320819112626,,,114404.54,2451.5320819112626,,,,,,
NB-Fenest-ManufWin,DEER2024,D24_E+_Com_v1,2026-09-14 20:09:17,Any,Mtl,Ex,CZ03,cWtd,Each,1,30000,None,0,0,0,,,,,,,,,,,,20,"",99893.2,1607.9921501706485,,,99893.2,1607.9921501706485,,,,,,
NB-Fenest-ManufWin,DEER2024,D24_E+_Com_v1,2026-09-14 20:09:17,Any,Mtl,Ex,CZ04,cWtd,Each,1,30000,None,0,0,0,,,,,,,,,,,,20,"",127950.17,2107.8621160409557,,,127950.17,2107.8621160409557,,,,,,
NB-Fenest-ManufWin,DEER2024,D24_E+_Com_v1,2026-09-14 20:09:17,Any,Mtl,Ex,CZ05,cWtd,Each,1,30000,None,0,0,0,,,,,,,,,,,,20,"",106467.49,1768.269624573379,,,106467.49,1768.269624573379,,,,,,
NB-Fenest-ManufWin,DEER2024,D24_E+_Com_v1,2026-09-14 20:09:17,Any,Mtl,Ex,CZ06,cWtd,Each,1,30000,None,0,0,0,,,,,,,,,,,,20,"",126577.23,980.7006825938568,,,126577.23,980.7006825938568,,,,,,
NB-Fenest-ManufWin,DEER2024,D24_E+_Com_v1,2026-09-14 20:09:17,Any,Mtl,Ex,CZ07,cWtd,Each,1,30000,None,0,0,0,,,,,,,,,,,,20,"",123984.18,903.337542662116,,,123984.18,903.337542662116,,,,,,
NB-Fenest-ManufWin,DEER2024,D24_E+_Com_v1,2026-09-14 20:09:17,Any,Mtl,Ex,CZ08,cWtd,Each,1,30000,None,0,0,0,,,,,,,,,,,,20,"",141128.19,1182.3941979522185,,,141128.19,1182.3941979522185,,,,,,
NB-Fenest-ManufWin,DEER2024,D24_E+_Com_v1,2026-09-14 20:09:17,Any,Mtl,Ex,CZ09,cWtd,Each,1,30000,None,0,0,0,,,,,,,,,,,,20,"",141629.84999999998,1275.5566552901023,,,141629.84999999998,1275.5566552901023,,,,,,
NB-Fenest-ManufWin,DEER2024,D24_E+_Com_v1,2026-09-14 20:09:17,Any,Mtl,Ex,CZ10,cWtd,Each,1,30000,None,0,0,0,,,,,,,,,,,,20,"",148199.59,1292.2648464163822,,,148199.59,1292.2648464163822,,,,,,
NB-Fenest-ManufWin,DEER2024,D24_E+_Com_v1,2026-09-14 20:09:17,Any,Mtl,Ex,CZ11,cWtd,Each,1,30000,None,0,0,0,,,,,,,,,,,,20,"",148004.71,2362.4286689419796,,,148004.71,2362.4286689419796,,,,,,
NB-Fenest-ManufWin,DEER2024,D24_E+_Com_v1,2026-09-14 20:09:17,Any,Mtl,Ex,CZ12,cWtd,Each,1,30000,None,0,0,0,,,,,,,,,,,,20,"",128739.63,2179.1423208191122,,,128739.63,2179.1423208191122,,,,,,
NB-Fenest-ManufWin,DEER2024,D24_E+_Com_v1,2026-09-14 20:09:17,Any,Mtl,Ex,CZ13,cWtd,Each,1,30000,None,0,0,0,,,,,,,,,,,,20,"",150353.15000000002,2016.886348122867,,,150353.15000000002,2016.886348122867,,,,,,
NB-Fenest-ManufWin,DEER2024,D24_E+_Com_v1,2026-09-14 20:09:17,Any,Mtl,Ex,CZ14,cWtd,Each,1,30000,None,0,0,0,,,,,,,,,,,,20,"",148219.33,1943.4501706484643,,,148219.33,1943.4501706484643,,,,,,
NB-Fenest-ManufWin,DEER2024,D24_E+_Com_v1,2026-09-14 20:09:17,Any,Mtl,Ex,CZ15,cWtd,Each,1,30000,None,0,0,0,,,,,,,,,,,,20,"",202515.45,1126.3368600682595,,,202515.45,1126.3368600682595,,,,,,
NB-Fenest-ManufWin,DEER2024,D24_E+_Com_v1,2026-09-14 20:09:17,Any,Mtl,Ex,CZ16,cWtd,Each,1,30000,None,0,0,0,,,,,,,,,,,,20,"",113878.05999999998,3349.936860068259,,,113878.05999999998,3349.936860068259,,,,,,
NB-Fenest-ManufWin,DEER2024,D24_E+_Com_v1,2026-09-14 20:09:17,Any,Nrs,Ex,CZ01,cWtd,Each,1,111000,None,2860,3.06,1840,,,,,,,,,,,,20,"",578940.95,13411.886006825938,,,576082.28,11570.525255972696,,,,,,
NB-Fenest-ManufWin,DEER2024,D24_E+_Com_v1,2026-09-14 20:09:17,Any,Nrs,Ex,CZ02,cWtd,Each,1,111000,None,2890,-0.782,960,,,,,,,,,,,,20,"",642585.5499999999,10940.613310580204,,,639690.73,9980.961433447099,,,,,,
NB-Fenest-ManufWin,DEER2024,D24_E+_Com_v1,2026-09-14 20:09:17,Any,Nrs,Ex,CZ03,cWtd,Each,1,111000,None,8050,6.96,836,,,,,,,,,,,,20,"",624515,9379.339249146758,,,616467.99,8543.495904436859,,,,,,
NB-Fenest-ManufWin,DEER2024,D24_E+_Com_v1,2026-09-14 20:09:17,Any,Nrs,Ex,CZ04,cWtd,Each,1,111000,None,11000,4.87,776,,,,,,,,,,,,20,"",698071.67,10254.610238907848,,,687115.12,9478.285324232082,,,,,,
NB-Fenest-ManufWin,DEER2024,D24_E+_Com_v1,2026-09-14 20:09:17,Any,Nrs,Ex,CZ05,cWtd,Each,1,111000,None,11100,3.96,639,,,,,,,,,,,,20,"",637300.1900000001,9154.002730375425,,,626219.44,8515.154607508532,,,,,,
NB-Fenest-ManufWin,DEER2024,D24_E+_Com_v1,2026-09-14 20:09:17,Any,Nrs,Ex,CZ06,cWtd,Each,1,111000,None,11900,5.21,373,,,,,,,,,,,,20,"",699702.8,7414.891126279863,,,687775.62,7041.9474402730375,,,,,,
NB-Fenest-ManufWin,DEER2024,D24_E+_Com_v1,2026-09-14 20:09:17,Any,Nrs,Ex,CZ07,cWtd,Each,1,111000,None,12200,5.68,271,,,,,,,,,,,,20,"",692771.95,7061.276450511945,,,680619.4600000001,6790.491126279864,,,,,,
NB-Fenest-ManufWin,DEER2024,D24_E+_Com_v1,2026-09-14 20:09:17,Any,Nrs,Ex,CZ08,cWtd,Each,1,111000,None,17300,1.94,475,,,,,,,,,,,,20,"",738058.21,7422.8453924914675,,,720787.66,6947.771331058021,,,,,,
NB-Fenest-ManufWin,DEER2024,D24_E+_Com_v1,2026-09-14 20:09:17,Any,Nrs,Ex,CZ09,cWtd,Each,1,111000,None,16800,3.69,558,,,,,,,,,,,,20,"",735623.64,7714.131058020477,,,718781.15,7156.147781569965,,,,,,
NB-Fenest-ManufWin,DEER2024,D24_E+_Com_v1,2026-09-14 20:09:17,Any,Nrs,Ex,CZ10,cWtd,Each,1,111000,None,4550,1.17,603,,,,,,,,,,,,20,"",743720.38,7677.201365187713,,,739170.5800000001,7074.541979522185,,,,,,
NB-Fenest-ManufWin,DEER2024,D24_E+_Com_v1,2026-09-14 20:09:17,Any,Nrs,Ex,CZ11,cWtd,Each,1,111000,None,11300,2.54,1250,,,,,,,,,,,,20,"",752641.6000000001,11024.95494880546,,,741319.22,9772.22627986348,,,,,,
NB-Fenest-ManufWin,DEER2024,D24_E+_Com_v1,2026-09-14 20:09:17,Any,Nrs,Ex,CZ12,cWtd,Each,1,111000,None,7320,-0.479,1230,,,,,,,,,,,,20,"",693699.98,10746.328668941978,,,686378.1299999999,9512.68600682594,,,,,,
NB-Fenest-ManufWin,DEER2024,D24_E+_Com_v1,2026-09-14 20:09:17,Any,Nrs,Ex,CZ13,cWtd,Each,1,111000,None,11000,3.3,1120,,,,,,,,,,,,20,"",762092.3099999999,10130.182252559725,,,751065.23,9010.272696245733,,,,,,
NB-Fenest-ManufWin,DEER2024,D24_E+_Com_v1,2026-09-14 20:09:17,Any,Nrs,Ex,CZ14,cWtd,Each,1,111000,None,5670,3.48,1060,,,,,,,,,,,,20,"",753628.0900000001,10175.125597269624,,,747956.3600000001,9117.729692832763,,,,,,
NB-Fenest-ManufWin,DEER2024,D24_E+_Com_v1,2026-09-14 20:09:17,Any,Nrs,Ex,CZ15,cWtd,Each,1,111000,None,17400,7.25,263,,,,,,,,,,,,20,"",925871.6499999999,6984.763822525598,,,908462.8,6721.550170648464,,,,,,
NB-Fenest-ManufWin,DEER2024,D24_E+_Com_v1,2026-09-14 20:09:17,Any,Nrs,Ex,CZ16,cWtd,Each,1,111000,None,2380,3.18,2240,,,,,,,,,,,,20,"",650379.68,14645.712627986348,,,648002.3300000001,12408.189078498293,,,,,,
NB-Fenest-ManufWin,DEER2024,D24_E+_Com_v1,2026-09-14 20:09:17,Any,OfL,Ex,CZ01,cWtd,Each,1,350000,None,13400,8.44,6610,,,,,,,,,,,,20,"",1609718.19,21054.22184300341,,,1596334.8,14443.544027303753,,,,,,
NB-Fenest-ManufWin,DEER2024,D24_E+_Com_v1,2026-09-14 20:09:17,Any,OfL,Ex,CZ02,cWtd,Each,1,350000,None,62700,33.4,5190,,,,,,,,,,,,20,"",2238786.5900000003,18692.596587030715,,,2176055.2,13504.048122866894,,,,,,
NB-Fenest-ManufWin,DEER2024,D24_E+_Com_v1,2026-09-14 20:09:17,Any,OfL,Ex,CZ03,cWtd,Each,1,350000,None,43300,24.4,4060,,,,,,,,,,,,20,"",1944427.9399999997,13157.180204778157,,,1901078.31,9092.955972696245,,,,,,
NB-Fenest-ManufWin,DEER2024,D24_E+_Com_v1,2026-09-14 20:09:17,Any,OfL,Ex,CZ04,cWtd,Each,1,350000,None,81400,33.9,4400,,,,,,,,,,,,20,"",2543588.59,18104.074061433446,,,2462173.1399999997,13708.317406143346,,,,,,
NB-Fenest-ManufWin,DEER2024,D24_E+_Com_v1,2026-09-14 20:09:17,Any,OfL,Ex,CZ05,cWtd,Each,1,350000,None,55000,21.8,3900,,,,,,,,,,,,20,"",2009333.5200000003,13244.660750853242,,,1954354.37,9346.549488054608,,,,,,
NB-Fenest-ManufWin,DEER2024,D24_E+_Com_v1,2026-09-14 20:09:17,Any,OfL,Ex,CZ06,cWtd,Each,1,350000,None,71600,21.4,2000,,,,,,,,,,,,20,"",2426550.35,8405.655631399319,,,2354941.4599999995,6403.73242320819,,,,,,
NB-Fenest-ManufWin,DEER2024,D24_E+_Com_v1,2026-09-14 20:09:17,Any,OfL,Ex,CZ07,cWtd,Each,1,350000,None,70700,18.7,1880,,,,,,,,,,,,20,"",2563475.88,8514.433788395903,,,2492825.7600000002,6634.23890784983,,,,,,
NB-Fenest-ManufWin,DEER2024,D24_E+_Com_v1,2026-09-14 20:09:17,Any,OfL,Ex,CZ08,cWtd,Each,1,350000,None,105000,41.7,2160,,,,,,,,,,,,20,"",2840245.9199999995,9835.370307167235,,,2734797.37,7676.398976109214,,,,,,
NB-Fenest-ManufWin,DEER2024,D24_E+_Com_v1,2026-09-14 20:09:17,Any,OfL,Ex,CZ09,cWtd,Each,1,350000,None,105000,46.1,2540,,,,,,,,,,,,20,"",2831533.11,11318.15529010239,,,2726496.57,8780.736518771331,,,,,,
NB-Fenest-ManufWin,DEER2024,D24_E+_Com_v1,2026-09-14 20:09:17,Any,OfL,Ex,CZ10,cWtd,Each,1,350000,None,33600,18.2,2890,,,,,,,,,,,,20,"",2838159.85,11870.126621160409,,,2804526.1,8976.007167235495,,,,,,
NB-Fenest-ManufWin,DEER2024,D24_E+_Com_v1,2026-09-14 20:09:17,Any,OfL,Ex,CZ11,cWtd,Each,1,350000,None,87800,43.7,5440,,,,,,,,,,,,20,"",2796298.91,21292.44436860068,,,2708510.98,15850.463481228668,,,,,,
NB-Fenest-ManufWin,DEER2024,D24_E+_Com_v1,2026-09-14 20:09:17,Any,OfL,Ex,CZ12,cWtd,Each,1,350000,None,59200,33.1,4800,,,,,,,,,,,,20,"",2517440.44,17650.97747440273,,,2458260.58,12848.62218430034,,,,,,
NB-Fenest-ManufWin,DEER2024,D24_E+_Com_v1,2026-09-14 20:09:17,Any,OfL,Ex,CZ13,cWtd,Each,1,350000,None,111000,47,2800,,,,,,,,,,,,20,"",2868880.1100000003,17038.257679180886,,,2758028.5699999994,14235.283617747442,,,,,,
NB-Fenest-ManufWin,DEER2024,D24_E+_Com_v1,2026-09-14 20:09:17,Any,OfL,Ex,CZ14,cWtd,Each,1,350000,None,57600,26.5,4780,,,,,,,,,,,,20,"",2854795.18,20217.74266211604,,,2797228.2100000004,15441.397269624573,,,,,,
NB-Fenest-ManufWin,DEER2024,D24_E+_Com_v1,2026-09-14 20:09:17,Any,OfL,Ex,CZ15,cWtd,Each,1,350000,None,102000,54.7,1990,,,,,,,,,,,,20,"",3553831.63,16532.123890784984,,,3451462,14546.19624573379,,,,,,
NB-Fenest-ManufWin,DEER2024,D24_E+_Com_v1,2026-09-14 20:09:17,Any,OfL,Ex,CZ16,cWtd,Each,1,350000,None,36600,10.6,7980,,,,,,,,,,,,20,"",2334001.08,28591.112286689422,,,2297438.99,20608.67918088737,,,,,,
NB-Fenest-ManufWin,DEER2024,D24_E+_Com_v1,2026-09-14 20:09:17,Any,OfS,Ex,CZ01,cWtd,Each,1,20000,None,5420,0.887,214,,,,,,,,,,,,20,"",98658.12000000001,1405.0494880546073,,,93236.62,1190.6081911262797,,,,,,
NB-Fenest-ManufWin,DEER2024,D24_E+_Com_v1,2026-09-14 20:09:17,Any,OfS,Ex,CZ02,cWtd,Each,1,20000,None,7260,2.24,124,,,,,,,,,,,,20,"",108173.83,1114.833447098976,,,100911.28,990.6665529010238,,,,,,
NB-Fenest-ManufWin,DEER2024,D24_E+_Com_v1,2026-09-14 20:09:17,Any,OfS,Ex,CZ03,cWtd,Each,1,20000,None,6000,1.67,80.2,,,,,,,,,,,,20,"",101842.67000000001,963.892832764505,,,95840.45000000001,883.6453924914676,,,,,,
NB-Fenest-ManufWin,DEER2024,D24_E+_Com_v1,2026-09-14 20:09:17,Any,OfS,Ex,CZ04,cWtd,Each,1,20000,None,8390,3.11,93.8,,,,,,,,,,,,20,"",115160.52000000002,992.7808873720136,,,106773.42000000001,898.943686006826,,,,,,
NB-Fenest-ManufWin,DEER2024,D24_E+_Com_v1,2026-09-14 20:09:17,Any,OfS,Ex,CZ05,cWtd,Each,1,20000,None,6860,1.57,61.7,,,,,,,,,,,,20,"",103279.66,922.6184300341296,,,96423,860.90614334471,,,,,,
NB-Fenest-ManufWin,DEER2024,D24_E+_Com_v1,2026-09-14 20:09:17,Any,OfS,Ex,CZ06,cWtd,Each,1,20000,None,6290,1.52,15.9,,,,,,,,,,,,20,"",104568.26000000001,740.6034129692832,,,98276.77000000002,724.6580204778156,,,,,,
NB-Fenest-ManufWin,DEER2024,D24_E+_Com_v1,2026-09-14 20:09:17,Any,OfS,Ex,CZ07,cWtd,Each,1,20000,None,6240,1.91,10,,,,,,,,,,,,20,"",104037.96000000002,723.8580204778157,,,97797.81000000001,713.8624573378839,,,,,,
NB-Fenest-ManufWin,DEER2024,D24_E+_Com_v1,2026-09-14 20:09:17,Any,OfS,Ex,CZ08,cWtd,Each,1,20000,None,8270,2.87,20.3,,,,,,,,,,,,20,"",113166.74,731.983276450512,,,104897.04000000001,711.7242320819113,,,,,,
NB-Fenest-ManufWin,DEER2024,D24_E+_Com_v1,2026-09-14 20:09:17,Any,OfS,Ex,CZ09,cWtd,Each,1,20000,None,8710,3.16,29.3,,,,,,,,,,,,20,"",115883.67000000001,757.4259385665529,,,107172.79000000001,728.1327645051193,,,,,,
NB-Fenest-ManufWin,DEER2024,D24_E+_Com_v1,2026-09-14 20:09:17,Any,OfS,Ex,CZ10,cWtd,Each,1,20000,None,4150,1.69,47.8,,,,,,,,,,,,20,"",113470.12000000001,763.5286689419795,,,109324.79000000001,715.7232081911262,,,,,,
NB-Fenest-ManufWin,DEER2024,D24_E+_Com_v1,2026-09-14 20:09:17,Any,OfS,Ex,CZ11,cWtd,Each,1,20000,None,9150,2.74,142,,,,,,,,,,,,20,"",124770.58,1061.8368600682593,,,115617.89000000001,919.5098976109215,,,,,,
NB-Fenest-ManufWin,DEER2024,D24_E+_Com_v1,2026-09-14 20:09:17,Any,OfS,Ex,CZ12,cWtd,Each,1,20000,None,6960,2.78,136,,,,,,,,,,,,20,"",113736.89000000001,1084.1317406143344,,,106779.97,947.9348122866893,,,,,,
NB-Fenest-ManufWin,DEER2024,D24_E+_Com_v1,2026-09-14 20:09:17,Any,OfS,Ex,CZ13,cWtd,Each,1,20000,None,8360,2.84,109,,,,,,,,,,,,20,"",123652.26000000001,976.0784982935153,,,115290.59000000003,867.131399317406,,,,,,
NB-Fenest-ManufWin,DEER2024,D24_E+_Com_v1,2026-09-14 20:09:17,Any,OfS,Ex,CZ14,cWtd,Each,1,20000,None,6540,1.9,134,,,,,,,,,,,,20,"",122405.36000000002,974.8283276450512,,,115867.84000000001,840.9170648464165,,,,,,
NB-Fenest-ManufWin,DEER2024,D24_E+_Com_v1,2026-09-14 20:09:17,Any,OfS,Ex,CZ15,cWtd,Each,1,20000,None,8620,3.71,17.1,,,,,,,,,,,,20,"",140860.41000000003,626.7006825938565,,,132235.73,609.6098976109215,,,,,,
NB-Fenest-ManufWin,DEER2024,D24_E+_Com_v1,2026-09-14 20:09:17,Any,OfS,Ex,CZ16,cWtd,Each,1,20000,None,7440,1.15,279,,,,,,,,,,,,20,"",114661.24000000002,1467.5952218430032,,,107218.18000000002,1188.3307167235494,,,,,,
NB-Fenest-ManufWin,DEER2024,D24_E+_Com_v1,2026-09-14 20:09:17,Any,Rel,Ex,CZ01,cWtd,Each,1,20000,None,565,0.112,153,,,,,,,,,,,,20,"",314831.79999999993,11393.476109215017,,,314266.44999999995,11240.30375426621,,,,,,
NB-Fenest-ManufWin,DEER2024,D24_E+_Com_v1,2026-09-14 20:09:17,Any,Rel,Ex,CZ02,cWtd,Each,1,20000,None,5430,-3.37,-102,,,,,,,,,,,,20,"",348742.49,8069.722525597269,,,343307.55,8171.496587030716,,,,,,
NB-Fenest-ManufWin,DEER2024,D24_E+_Com_v1,2026-09-14 20:09:17,Any,Rel,Ex,CZ03,cWtd,Each,1,20000,None,1140,0.697,53.4,,,,,,,,,,,,20,"",317071.73,5716.642662116041,,,315933.42,5663.256655290103,,,,,,
NB-Fenest-ManufWin,DEER2024,D24_E+_Com_v1,2026-09-14 20:09:17,Any,Rel,Ex,CZ04,cWtd,Each,1,20000,None,2980,1.12,55.2,,,,,,,,,,,,20,"",384366.13,6714.617064846416,,,381387.76,6659.373720136518,,,,,,
NB-Fenest-ManufWin,DEER2024,D24_E+_Com_v1,2026-09-14 20:09:17,Any,Rel,Ex,CZ05,cWtd,Each,1,20000,None,1440,0.618,19.1,,,,,,,,,,,,20,"",321222.82,5680.874744027304,,,319785.20999999996,5661.7276450511945,,,,,,
NB-Fenest-ManufWin,DEER2024,D24_E+_Com_v1,2026-09-14 20:09:17,Any,Rel,Ex,CZ06,cWtd,Each,1,20000,None,2420,0.686,8.37,,,,,,,,,,,,20,"",343303.43,1988.990784982935,,,340879.49,1980.623208191126,,,,,,
NB-Fenest-ManufWin,DEER2024,D24_E+_Com_v1,2026-09-14 20:09:17,Any,Rel,Ex,CZ07,cWtd,Each,1,20000,None,2420,1.02,4,,,,,,,,,,,,20,"",340519.76,1810.0399317406143,,,338101.12,1806.0361774744026,,,,,,
NB-Fenest-ManufWin,DEER2024,D24_E+_Com_v1,2026-09-14 20:09:17,Any,Rel,Ex,CZ08,cWtd,Each,1,20000,None,3290,1.42,10.3,,,,,,,,,,,,20,"",373266.45999999996,2318.5187713310584,,,369979.85,2308.2546075085324,,,,,,
NB-Fenest-ManufWin,DEER2024,D24_E+_Com_v1,2026-09-14 20:09:17,Any,Rel,Ex,CZ09,cWtd,Each,1,20000,None,3560,1.46,14.9,,,,,,,,,,,,20,"",381129.31,2762.9627986348123,,,377572.85,2748.1010238907847,,,,,,
NB-Fenest-ManufWin,DEER2024,D24_E+_Com_v1,2026-09-14 20:09:17,Any,Rel,Ex,CZ10,cWtd,Each,1,20000,None,1790,0.686,73.6,,,,,,,,,,,,20,"",393465.2799999999,2879.19385665529,,,391671.52999999997,2805.5532423208188,,,,,,
NB-Fenest-ManufWin,DEER2024,D24_E+_Com_v1,2026-09-14 20:09:17,Any,Rel,Ex,CZ11,cWtd,Each,1,20000,None,3370,1.48,125,,,,,,,,,,,,20,"",423868.61,6654.72627986348,,,420503.30999999994,6530.085324232082,,,,,,
NB-Fenest-ManufWin,DEER2024,D24_E+_Com_v1,2026-09-14 20:09:17,Any,Rel,Ex,CZ12,cWtd,Each,1,20000,None,2500,1.09,112,,,,,,,,,,,,20,"",381827.28,6780.276450511946,,,379328.69999999995,6668.52252559727,,,,,,
NB-Fenest-ManufWin,DEER2024,D24_E+_Com_v1,2026-09-14 20:09:17,Any,Rel,Ex,CZ13,cWtd,Each,1,20000,None,3270,1.47,89.8,,,,,,,,,,,,20,"",426559.07999999996,5632.3552901023895,,,423289.79999999993,5542.595563139931,,,,,,
NB-Fenest-ManufWin,DEER2024,D24_E+_Com_v1,2026-09-14 20:09:17,Any,Rel,Ex,CZ14,cWtd,Each,1,20000,None,2580,0.987,118,,,,,,,,,,,,20,"",429155.11,5730.44505119454,,,426576.70999999996,5611.967576791809,,,,,,
NB-Fenest-ManufWin,DEER2024,D24_E+_Com_v1,2026-09-14 20:09:17,Any,Rel,Ex,CZ15,cWtd,Each,1,20000,None,4040,1.55,33.8,,,,,,,,,,,,20,"",518992.62,1610.215699658703,,,514957.51,1576.368941979522,,,,,,
NB-Fenest-ManufWin,DEER2024,D24_E+_Com_v1,2026-09-14 20:09:17,Any,Rel,Ex,CZ16,cWtd,Each,1,20000,None,2530,0.722,198,,,,,,,,,,,,20,"",367739.38,10095.744368600683,,,365213.19999999995,9897.573720136517,,,,,,
NB-Fenest-ManufWin,DEER2024,D24_E+_Com_v1,2026-09-14 20:09:17,Any,RFF,Ex,CZ01,cWtd,Each,1,4000,None,1230,0.229,68.2,,,,,,,,,,,,20,"",50919.24,1939.1665529010238,,,49685.53,1870.9559726962455,,,,,,
NB-Fenest-ManufWin,DEER2024,D24_E+_Com_v1,2026-09-14 20:09:17,Any,RFF,Ex,CZ02,cWtd,Each,1,4000,None,2210,0.396,35.5,,,,,,,,,,,,20,"",58650.939999999995,1788.5494880546075,,,56437.38,1753.049829351536,,,,,,
NB-Fenest-ManufWin,DEER2024,D24_E+_Com_v1,2026-09-14 20:09:17,Any,RFF,Ex,CZ03,cWtd,Each,1,4000,None,1930,0.384,21,,,,,,,,,,,,20,"",55731.51,1666.8955631399317,,,53797.37,1645.9218430034127,,,,,,
NB-Fenest-ManufWin,DEER2024,D24_E+_Com_v1,2026-09-14 20:09:17,Any,RFF,Ex,CZ04,cWtd,Each,1,4000,None,2310,0.563,27.2,,,,,,,,,,,,20,"",62710.869999999995,1706.0061433447097,,,60402.62,1678.845051194539,,,,,,
NB-Fenest-ManufWin,DEER2024,D24_E+_Com_v1,2026-09-14 20:09:17,Any,RFF,Ex,CZ05,cWtd,Each,1,4000,None,2170,0.371,16.3,,,,,,,,,,,,20,"",56676.1,1659.3221843003412,,,54502.93,1643.0242320819114,,,,,,
NB-Fenest-ManufWin,DEER2024,D24_E+_Com_v1,2026-09-14 20:09:17,Any,RFF,Ex,CZ06,cWtd,Each,1,4000,None,1920,0.326,5.83,,,,,,,,,,,,20,"",59154.63,1519.1320819112627,,,57235.97,1513.2996587030714,,,,,,
NB-Fenest-ManufWin,DEER2024,D24_E+_Com_v1,2026-09-14 20:09:17,Any,RFF,Ex,CZ07,cWtd,Each,1,4000,None,1860,0.338,4.53,,,,,,,,,,,,20,"",59382.560000000005,1507.5788395904435,,,57525.55,1503.0525597269625,,,,,,
NB-Fenest-ManufWin,DEER2024,D24_E+_Com_v1,2026-09-14 20:09:17,Any,RFF,Ex,CZ08,cWtd,Each,1,4000,None,2350,0.451,7.05,,,,,,,,,,,,20,"",63260.19,1509.1870307167235,,,60911.670000000006,1502.140955631399,,,,,,
NB-Fenest-ManufWin,DEER2024,D24_E+_Com_v1,2026-09-14 20:09:17,Any,RFF,Ex,CZ09,cWtd,Each,1,4000,None,2510,0.537,8.61,,,,,,,,,,,,20,"",64509.619999999995,1524.958703071672,,,62001.799999999996,1516.3470989761092,,,,,,
NB-Fenest-ManufWin,DEER2024,D24_E+_Com_v1,2026-09-14 20:09:17,Any,RFF,Ex,CZ10,cWtd,Each,1,4000,None,1520,0.282,19.5,,,,,,,,,,,,20,"",65888.23999999999,1535.0873720136517,,,64369.259999999995,1515.6228668941978,,,,,,
NB-Fenest-ManufWin,DEER2024,D24_E+_Com_v1,2026-09-14 20:09:17,Any,RFF,Ex,CZ11,cWtd,Each,1,4000,None,2480,0.552,42.8,,,,,,,,,,,,20,"",67050.56,1701.9136518771331,,,64570.37,1659.1064846416382,,,,,,
NB-Fenest-ManufWin,DEER2024,D24_E+_Com_v1,2026-09-14 20:09:17,Any,RFF,Ex,CZ12,cWtd,Each,1,4000,None,2000,0.469,40,,,,,,,,,,,,20,"",61925.50000000001,1729.3232081911262,,,59921.27,1689.2883959044368,,,,,,
NB-Fenest-ManufWin,DEER2024,D24_E+_Com_v1,2026-09-14 20:09:17,Any,RFF,Ex,CZ13,cWtd,Each,1,4000,None,2290,0.575,31.9,,,,,,,,,,,,20,"",67439.18,1636.7784982935154,,,65147.76,1604.8692832764505,,,,,,
NB-Fenest-ManufWin,DEER2024,D24_E+_Com_v1,2026-09-14 20:09:17,Any,RFF,Ex,CZ14,cWtd,Each,1,4000,None,1870,0.355,42.2,,,,,,,,,,,,20,"",66465.12,1641.241638225256,,,64595.299999999996,1599.0460750853242,,,,,,
NB-Fenest-ManufWin,DEER2024,D24_E+_Com_v1,2026-09-14 20:09:17,Any,RFF,Ex,CZ15,cWtd,Each,1,4000,None,2340,0.697,7.78,,,,,,,,,,,,20,"",77335.10999999999,1390.9255972696244,,,74990.37,1383.1406143344711,,,,,,
NB-Fenest-ManufWin,DEER2024,D24_E+_Com_v1,2026-09-14 20:09:17,Any,RFF,Ex,CZ16,cWtd,Each,1,4000,None,1880,0.245,80.2,,,,,,,,,,,,20,"",60608.33000000001,1940.0569965870307,,,58732.39,1859.8221843003412,,,,,,
NB-Fenest-ManufWin,DEER2024,D24_E+_Com_v1,2026-09-14 20:09:17,Any,RSD,Ex,CZ01,cWtd,Each,1,11200,None,302,0.111,96.5,,,,,,,,,,,,20,"",109132.40000000001,4941.345051194539,,,108830.48999999999,4844.8426621160415,,,,,,
NB-Fenest-ManufWin,DEER2024,D24_E+_Com_v1,2026-09-14 20:09:17,Any,RSD,Ex,CZ02,cWtd,Each,1,11200,None,1040,0.732,74.7,,,,,,,,,,,,20,"",122497.17000000001,4798.750853242321,,,121453.21,4724.039249146757,,,,,,
NB-Fenest-ManufWin,DEER2024,D24_E+_Com_v1,2026-09-14 20:09:17,Any,RSD,Ex,CZ03,cWtd,Each,1,11200,None,561,0.409,47.7,,,,,,,,,,,,20,"",112105.06,4160.630375426621,,,111544.26999999999,4112.906484641639,,,,,,
NB-Fenest-ManufWin,DEER2024,D24_E+_Com_v1,2026-09-14 20:09:17,Any,RSD,Ex,CZ04,cWtd,Each,1,11200,None,1640,1.08,61.2,,,,,,,,,,,,20,"",132695.82,4748.292150170648,,,131056.98999999999,4687.12832764505,,,,,,
NB-Fenest-ManufWin,DEER2024,D24_E+_Com_v1,2026-09-14 20:09:17,Any,RSD,Ex,CZ05,cWtd,Each,1,11200,None,711,0.384,27.4,,,,,,,,,,,,20,"",113972.70000000001,4198.501023890784,,,113261.73,4171.111262798635,,,,,,
NB-Fenest-ManufWin,DEER2024,D24_E+_Com_v1,2026-09-14 20:09:17,Any,RSD,Ex,CZ06,cWtd,Each,1,11200,None,1120,0.573,23.6,,,,,,,,,,,,20,"",120727.81000000001,3726.6761092150164,,,119612.38,3703.047440273038,,,,,,
NB-Fenest-ManufWin,DEER2024,D24_E+_Com_v1,2026-09-14 20:09:17,Any,RSD,Ex,CZ07,cWtd,Each,1,11200,None,949,0.717,18.5,,,,,,,,,,,,20,"",121254.87,3702.925938566553,,,120305.84999999999,3684.3914675767915,,,,,,
NB-Fenest-ManufWin,DEER2024,D24_E+_Com_v1,2026-09-14 20:09:17,Any,RSD,Ex,CZ08,cWtd,Each,1,11200,None,2190,0.896,39.4,,,,,,,,,,,,20,"",135443.34,4089.2679180887367,,,133248.92,4049.8426621160406,,,,,,
NB-Fenest-ManufWin,DEER2024,D24_E+_Com_v1,2026-09-14 20:09:17,Any,RSD,Ex,CZ09,cWtd,Each,1,11200,None,2160,1.05,28.9,,,,,,,,,,,,20,"",137195.73,4182.499317406144,,,135040.56,4153.551194539249,,,,,,
NB-Fenest-ManufWin,DEER2024,D24_E+_Com_v1,2026-09-14 20:09:17,Any,RSD,Ex,CZ10,cWtd,Each,1,11200,None,1530,0.58,94.7,,,,,,,,,,,,20,"",141238.99,4296.125938566553,,,139706.4,4201.44061433447,,,,,,
NB-Fenest-ManufWin,DEER2024,D24_E+_Com_v1,2026-09-14 20:09:17,Any,RSD,Ex,CZ11,cWtd,Each,1,11200,None,2050,0.979,106,,,,,,,,,,,,20,"",146161.17,4925.320819112628,,,144109.87,4819.537201365188,,,,,,
NB-Fenest-ManufWin,DEER2024,D24_E+_Com_v1,2026-09-14 20:09:17,Any,RSD,Ex,CZ12,cWtd,Each,1,11200,None,1310,0.82,95.7,,,,,,,,,,,,20,"",132134.01,4776.703412969283,,,130819.56999999999,4681.033788395905,,,,,,
NB-Fenest-ManufWin,DEER2024,D24_E+_Com_v1,2026-09-14 20:09:17,Any,RSD,Ex,CZ13,cWtd,Each,1,11200,None,6720,3.9,537,,,,,,,,,,,,20,"",149127.23,4822.841638225256,,,142405.34,4285.425597269625,,,,,,
NB-Fenest-ManufWin,DEER2024,D24_E+_Com_v1,2026-09-14 20:09:17,Any,RSD,Ex,CZ14,cWtd,Each,1,11200,None,1720,0.681,106,,,,,,,,,,,,20,"",147153.02999999997,4863.2054607508535,,,145429.30000000002,4757.473378839591,,,,,,
NB-Fenest-ManufWin,DEER2024,D24_E+_Com_v1,2026-09-14 20:09:17,Any,RSD,Ex,CZ15,cWtd,Each,1,11200,None,7360,3.33,276,,,,,,,,,,,,20,"",178780.68,4266.829692832764,,,171417.38999999998,3991.157679180887,,,,,,
NB-Fenest-ManufWin,DEER2024,D24_E+_Com_v1,2026-09-14 20:09:17,Any,RSD,Ex,CZ16,cWtd,Each,1,11200,None,1070,0.588,162,,,,,,,,,,,,20,"",125809.51,5164.795563139932,,,124739.72,5002.3866894197945,,,,,,
NB-Fenest-ManufWin,DEER2024,D24_E+_Com_v1,2026-09-14 20:09:17,Any,Rt3,Ex,CZ01,cWtd,Each,1,240000,None,3900,1.52,286,,,,,,,,,,,,20,"",1403727.53,16477.898976109216,,,1399826.02,16192.18122866894,,,,,,
NB-Fenest-ManufWin,DEER2024,D24_E+_Com_v1,2026-09-14 20:09:17,Any,Rt3,Ex,CZ02,cWtd,Each,1,240000,None,2340,-0.793,196,,,,,,,,,,,,20,"",1725119.3599999999,28241.23959044369,,,1722776.5099999998,28044.872696245733,,,,,,
NB-Fenest-ManufWin,DEER2024,D24_E+_Com_v1,2026-09-14 20:09:17,Any,Rt3,Ex,CZ03,cWtd,Each,1,240000,None,6180,1.48,426,,,,,,,,,,,,20,"",1578966.44,16574.656313993175,,,1572782.3900000001,16148.640614334472,,,,,,
NB-Fenest-ManufWin,DEER2024,D24_E+_Com_v1,2026-09-14 20:09:17,Any,Rt3,Ex,CZ04,cWtd,Each,1,240000,None,3070,1.26,256,,,,,,,,,,,,20,"",1826848.9399999997,28653.790784982935,,,1823774.7899999998,28397.98771331058,,,,,,
NB-Fenest-ManufWin,DEER2024,D24_E+_Com_v1,2026-09-14 20:09:17,Any,Rt3,Ex,CZ05,cWtd,Each,1,240000,None,9600,4.14,507,,,,,,,,,,,,20,"",1622932.02,18544.335836177474,,,1613334.81,18037.105460750852,,,,,,
NB-Fenest-ManufWin,DEER2024,D24_E+_Com_v1,2026-09-14 20:09:17,Any,Rt3,Ex,CZ06,cWtd,Each,1,240000,None,5900,2.15,308,,,,,,,,,,,,20,"",1785891.65,18678.311262798634,,,1779989.44,18370.150170648463,,,,,,
NB-Fenest-ManufWin,DEER2024,D24_E+_Com_v1,2026-09-14 20:09:17,Any,Rt3,Ex,CZ07,cWtd,Each,1,240000,None,2810,0.94,250,,,,,,,,,,,,20,"",1797506.29,17162.478156996585,,,1794698.57,16912.448122866892,,,,,,
NB-Fenest-ManufWin,DEER2024,D24_E+_Com_v1,2026-09-14 20:09:17,Any,Rt3,Ex,CZ08,cWtd,Each,1,240000,None,5310,1.59,267,,,,,,,,,,,,20,"",1916954.21,21069.703754266215,,,1911648.8800000001,20802.84470989761,,,,,,
NB-Fenest-ManufWin,DEER2024,D24_E+_Com_v1,2026-09-14 20:09:17,Any,Rt3,Ex,CZ09,cWtd,Each,1,240000,None,4290,-6.02,287,,,,,,,,,,,,20,"",1893130.05,20280.872354948806,,,1888843.5099999998,19994.21672354949,,,,,,
NB-Fenest-ManufWin,DEER2024,D24_E+_Com_v1,2026-09-14 20:09:17,Any,Rt3,Ex,CZ10,cWtd,Each,1,240000,None,389,-3.93,165,,,,,,,,,,,,20,"",1970468.1700000002,24023.289078498292,,,1970079.44,23857.805802047784,,,,,,
NB-Fenest-ManufWin,DEER2024,D24_E+_Com_v1,2026-09-14 20:09:17,Any,Rt3,Ex,CZ11,cWtd,Each,1,240000,None,11300,0.425,444,,,,,,,,,,,,20,"",1908366.84,26934.23208191126,,,1897074.01,26489.82593856655,,,,,,
NB-Fenest-ManufWin,DEER2024,D24_E+_Com_v1,2026-09-14 20:09:17,Any,Rt3,Ex,CZ12,cWtd,Each,1,240000,None,371,0.773,144,,,,,,,,,,,,20,"",1824515.52,26857.463139931737,,,1824144.81,26713.86348122867,,,,,,
NB-Fenest-ManufWin,DEER2024,D24_E+_Com_v1,2026-09-14 20:09:17,Any,Rt3,Ex,CZ13,cWtd,Each,1,240000,None,2160,-5.34,263,,,,,,,,,,,,20,"",1924319.75,24896.392832764508,,,1922158.68,24633.18771331058,,,,,,
NB-Fenest-ManufWin,DEER2024,D24_E+_Com_v1,2026-09-14 20:09:17,Any,Rt3,Ex,CZ14,cWtd,Each,1,240000,None,24700,14.3,701,,,,,,,,,,,,20,"",1895102.5399999998,24080.53276450512,,,1870363.5499999998,23379.890443686007,,,,,,
NB-Fenest-ManufWin,DEER2024,D24_E+_Com_v1,2026-09-14 20:09:17,Any,Rt3,Ex,CZ15,cWtd,Each,1,240000,None,4170,0.938,244,,,,,,,,,,,,20,"",2243900.93,18194.207849829352,,,2239730.2399999998,17950.519453924913,,,,,,
NB-Fenest-ManufWin,DEER2024,D24_E+_Com_v1,2026-09-14 20:09:17,Any,Rt3,Ex,CZ16,cWtd,Each,1,240000,None,-13600,-6.62,13.5,,,,,,,,,,,,20,"",1639309.6199999999,23927.51399317406,,,1652882.8800000001,23914.000341296927,,,,,,
NB-Fenest-ManufWin,DEER2024,D24_E+_Com_v1,2026-09-14 20:09:17,Any,RtL,Ex,CZ01,cWtd,Each,1,131000,None,2110,0.536,74.1,,,,,,,,,,,,20,"",1740502.9999999998,9936.797952218429,,,1738388.6099999996,9862.72662116041,,,,,,
NB-Fenest-ManufWin,DEER2024,D24_E+_Com_v1,2026-09-14 20:09:17,Any,RtL,Ex,CZ02,cWtd,Each,1,131000,None,3440,1.07,52.9,,,,,,,,,,,,20,"",1804330.2399999998,8760.65324232082,,,1800893.65,8707.763822525596,,,,,,
NB-Fenest-ManufWin,DEER2024,D24_E+_Com_v1,2026-09-14 20:09:17,Any,RtL,Ex,CZ03,cWtd,Each,1,131000,None,3140,0.879,28.1,,,,,,,,,,,,20,"",1741369.97,7154.970307167236,,,1738229.47,7126.905119453925,,,,,,
NB-Fenest-ManufWin,DEER2024,D24_E+_Com_v1,2026-09-14 20:09:17,Any,RtL,Ex,CZ04,cWtd,Each,1,131000,None,4100,1.51,37.2,,,,,,,,,,,,20,"",1888665.5799999998,8018.44061433447,,,1884563.6699999997,7981.207849829352,,,,,,
NB-Fenest-ManufWin,DEER2024,D24_E+_Com_v1,2026-09-14 20:09:17,Any,RtL,Ex,CZ05,cWtd,Each,1,131000,None,3310,0.803,21.1,,,,,,,,,,,,20,"",1747277.0499999998,7037.248805460751,,,1743966.0999999999,7016.169965870307,,,,,,
NB-Fenest-ManufWin,DEER2024,D24_E+_Com_v1,2026-09-14 20:09:17,Any,RtL,Ex,CZ06,cWtd,Each,1,131000,None,3130,0.748,9.38,,,,,,,,,,,,20,"",1782622.81,5683.289761092149,,,1779497.5299999998,5673.905460750853,,,,,,
NB-Fenest-ManufWin,DEER2024,D24_E+_Com_v1,2026-09-14 20:09:17,Any,RtL,Ex,CZ07,cWtd,Each,1,131000,None,3010,0.878,7.04,,,,,,,,,,,,20,"",1787439.8399999999,5586.212969283277,,,1784430.84,5579.174061433447,,,,,,
NB-Fenest-ManufWin,DEER2024,D24_E+_Com_v1,2026-09-14 20:09:17,Any,RtL,Ex,CZ08,cWtd,Each,1,131000,None,4010,1.36,11,,,,,,,,,,,,20,"",1862087.7,5677.713310580205,,,1858079.3099999998,5666.710921501706,,,,,,
NB-Fenest-ManufWin,DEER2024,D24_E+_Com_v1,2026-09-14 20:09:17,Any,RtL,Ex,CZ09,cWtd,Each,1,131000,None,4350,1.48,14.7,,,,,,,,,,,,20,"",1881895.11,5919.5464163822535,,,1877548.1199999996,5904.860409556314,,,,,,
NB-Fenest-ManufWin,DEER2024,D24_E+_Com_v1,2026-09-14 20:09:17,Any,RtL,Ex,CZ10,cWtd,Each,1,131000,None,2300,0.801,26,,,,,,,,,,,,20,"",1909785.95,5827.805460750854,,,1907488.1500000001,5801.777133105802,,,,,,
NB-Fenest-ManufWin,DEER2024,D24_E+_Com_v1,2026-09-14 20:09:17,Any,RtL,Ex,CZ11,cWtd,Each,1,131000,None,3960,0.976,53.1,,,,,,,,,,,,20,"",1964843.13,8009.151194539249,,,1960883.64,7956.056655290102,,,,,,
NB-Fenest-ManufWin,DEER2024,D24_E+_Com_v1,2026-09-14 20:09:17,Any,RtL,Ex,CZ12,cWtd,Each,1,131000,None,3170,1.35,51.4,,,,,,,,,,,,20,"",1874163.67,8212.861433447099,,,1870995.6099999999,8161.42423208191,,,,,,
NB-Fenest-ManufWin,DEER2024,D24_E+_Com_v1,2026-09-14 20:09:17,Any,RtL,Ex,CZ13,cWtd,Each,1,131000,None,3840,1.54,43.3,,,,,,,,,,,,20,"",1978080.79,7338.392832764505,,,1974244.5,7295.097269624573,,,,,,
NB-Fenest-ManufWin,DEER2024,D24_E+_Com_v1,2026-09-14 20:09:17,Any,RtL,Ex,CZ14,cWtd,Each,1,131000,None,3240,1.07,52.5,,,,,,,,,,,,20,"",1977622.98,7559.902389078498,,,1974380.4599999997,7507.415017064846,,,,,,
NB-Fenest-ManufWin,DEER2024,D24_E+_Com_v1,2026-09-14 20:09:17,Any,RtL,Ex,CZ15,cWtd,Each,1,131000,None,3820,1.61,10,,,,,,,,,,,,20,"",2179427.69,4911.080204778156,,,2175611.81,4901.066552901024,,,,,,
NB-Fenest-ManufWin,DEER2024,D24_E+_Com_v1,2026-09-14 20:09:17,Any,RtL,Ex,CZ16,cWtd,Each,1,131000,None,3250,0.643,102,,,,,,,,,,,,20,"",1872598.7699999998,10529.422525597269,,,1869351.8199999996,10427.408873720136,,,,,,
NB-Fenest-ManufWin,DEER2024,D24_E+_Com_v1,2026-09-14 20:09:17,Any,RtS,Ex,CZ01,cWtd,Each,1,16000,None,992,0.228,28.5,,,,,,,,,,,,20,"",97819.40999999999,1350.9839590443687,,,96826.95999999999,1322.453242320819,,,,,,
NB-Fenest-ManufWin,DEER2024,D24_E+_Com_v1,2026-09-14 20:09:17,Any,RtS,Ex,CZ02,cWtd,Each,1,16000,None,1790,0.343,10.2,,,,,,,,,,,,20,"",107518.76000000001,1111.69385665529,,,105728.51000000001,1101.4515358361773,,,,,,
NB-Fenest-ManufWin,DEER2024,D24_E+_Com_v1,2026-09-14 20:09:17,Any,RtS,Ex,CZ03,cWtd,Each,1,16000,None,1780,0.487,-3.3,,,,,,,,,,,,20,"",102033.77999999998,863.0638225255973,,,100251.93000000001,866.3634812286688,,,,,,
NB-Fenest-ManufWin,DEER2024,D24_E+_Com_v1,2026-09-14 20:09:17,Any,RtS,Ex,CZ04,cWtd,Each,1,16000,None,1690,0.556,3.53,,,,,,,,,,,,20,"",113962.87999999999,966.7464163822525,,,112273.54999999999,963.2122866894198,,,,,,
NB-Fenest-ManufWin,DEER2024,D24_E+_Com_v1,2026-09-14 20:09:17,Any,RtS,Ex,CZ05,cWtd,Each,1,16000,None,1970,0.411,-7.01,,,,,,,,,,,,20,"",103195.37999999999,813.1890784982935,,,101220.75000000001,820.2034129692832,,,,,,
NB-Fenest-ManufWin,DEER2024,D24_E+_Com_v1,2026-09-14 20:09:17,Any,RtS,Ex,CZ06,cWtd,Each,1,16000,None,1450,0.393,0.07,,,,,,,,,,,,20,"",103905.45,589.896928327645,,,102456.68000000001,589.8269624573379,,,,,,
NB-Fenest-ManufWin,DEER2024,D24_E+_Com_v1,2026-09-14 20:09:17,Any,RtS,Ex,CZ07,cWtd,Each,1,16000,None,1250,0.523,-0.947,,,,,,,,,,,,20,"",104170.79,576.0477815699659,,,102924.12,576.9952218430034,,,,,,
NB-Fenest-ManufWin,DEER2024,D24_E+_Com_v1,2026-09-14 20:09:17,Any,RtS,Ex,CZ08,cWtd,Each,1,16000,None,1860,0.368,-0.554,,,,,,,,,,,,20,"",111138.92,595.3245733788395,,,109276.9,595.878156996587,,,,,,
NB-Fenest-ManufWin,DEER2024,D24_E+_Com_v1,2026-09-14 20:09:17,Any,RtS,Ex,CZ09,cWtd,Each,1,16000,None,2010,0.467,-0.0652,,,,,,,,,,,,20,"",113304.35,634.8225255972695,,,111291.22,634.8877133105801,,,,,,
NB-Fenest-ManufWin,DEER2024,D24_E+_Com_v1,2026-09-14 20:09:17,Any,RtS,Ex,CZ10,cWtd,Each,1,16000,None,1010,0.174,13.5,,,,,,,,,,,,20,"",117013.65000000001,664.0836177474403,,,116005.14,650.5764505119454,,,,,,
NB-Fenest-ManufWin,DEER2024,D24_E+_Com_v1,2026-09-14 20:09:17,Any,RtS,Ex,CZ11,cWtd,Each,1,16000,None,2070,0.56,30.7,,,,,,,,,,,,20,"",120724.59,1028.2034129692834,,,118653.2,997.5324232081912,,,,,,
NB-Fenest-ManufWin,DEER2024,D24_E+_Com_v1,2026-09-14 20:09:17,Any,RtS,Ex,CZ12,cWtd,Each,1,16000,None,1490,0.479,26.3,,,,,,,,,,,,20,"",112215.34000000001,1045.0481228668941,,,110728.55,1018.760409556314,,,,,,
NB-Fenest-ManufWin,DEER2024,D24_E+_Com_v1,2026-09-14 20:09:17,Any,RtS,Ex,CZ13,cWtd,Each,1,16000,None,1820,0.519,23.3,,,,,,,,,,,,20,"",120789.8,929.6020477815699,,,118965.76000000001,906.3436860068259,,,,,,
NB-Fenest-ManufWin,DEER2024,D24_E+_Com_v1,2026-09-14 20:09:17,Any,RtS,Ex,CZ14,cWtd,Each,1,16000,None,1390,0.351,26.1,,,,,,,,,,,,20,"",118762.83,843.6733788395903,,,117368.02,817.6204778156996,,,,,,
NB-Fenest-ManufWin,DEER2024,D24_E+_Com_v1,2026-09-14 20:09:17,Any,RtS,Ex,CZ15,cWtd,Each,1,16000,None,2120,0.754,5.59,,,,,,,,,,,,20,"",138002.44,492.98430034129694,,,135883.72999999998,487.39795221843,,,,,,
NB-Fenest-ManufWin,DEER2024,D24_E+_Com_v1,2026-09-14 20:09:17,Any,RtS,Ex,CZ16,cWtd,Each,1,16000,None,1480,0.185,59.8,,,,,,,,,,,,20,"",109303.26,1390.031399317406,,,107827.27,1330.252901023891,,,,,,
NB-Fenest-ManufWin,DEER2024,D24_E+_Com_v1,2026-09-14 20:09:17,Any,SCn,Ex,CZ01,cWtd,Each,1,500000,None,-325,-0.086,135,,,,,,,,,,,,20,"",1736338.2799999998,127876.34368600683,,,1736663.6099999999,127740.90409556314,,,,,,
NB-Fenest-ManufWin,DEER2024,D24_E+_Com_v1,2026-09-14 20:09:17,Any,SCn,Ex,CZ02,cWtd,Each,1,500000,None,-1090,0.214,-225,,,,,,,,,,,,20,"",2892774.5500000003,107876.70580204779,,,2893861.69,108101.92662116041,,,,,,
NB-Fenest-ManufWin,DEER2024,D24_E+_Com_v1,2026-09-14 20:09:17,Any,SCn,Ex,CZ03,cWtd,Each,1,500000,None,-1920,-3.38,-169,,,,,,,,,,,,20,"",2095465.85,68696.190443686,,,2097388.95,68864.98634812287,,,,,,
NB-Fenest-ManufWin,DEER2024,D24_E+_Com_v1,2026-09-14 20:09:17,Any,SCn,Ex,CZ04,cWtd,Each,1,500000,None,830,0.582,-314,,,,,,,,,,,,20,"",3609096.88,95946.53549488053,,,3608266.5400000005,96260.73890784982,,,,,,
NB-Fenest-ManufWin,DEER2024,D24_E+_Com_v1,2026-09-14 20:09:17,Any,SCn,Ex,CZ05,cWtd,Each,1,500000,None,-939,0.572,-456,,,,,,,,,,,,20,"",2352423.31,77411.0252559727,,,2353361.99,77867.52491467577,,,,,,
NB-Fenest-ManufWin,DEER2024,D24_E+_Com_v1,2026-09-14 20:09:17,Any,SCn,Ex,CZ06,cWtd,Each,1,500000,None,1660,1.09,-435,,,,,,,,,,,,20,"",2961824.5500000003,46159.04129692832,,,2960168.6399999997,46594.47337883959,,,,,,
NB-Fenest-ManufWin,DEER2024,D24_E+_Com_v1,2026-09-14 20:09:17,Any,SCn,Ex,CZ07,cWtd,Each,1,500000,None,2430,1.48,-482,,,,,,,,,,,,20,"",3346791.92,47837.70819112628,,,3344357.4599999995,48319.66279863482,,,,,,
NB-Fenest-ManufWin,DEER2024,D24_E+_Com_v1,2026-09-14 20:09:17,Any,SCn,Ex,CZ08,cWtd,Each,1,500000,None,2210,0.869,-563,,,,,,,,,,,,20,"",4124135.93,67371.67610921501,,,4121930.05,67934.6470989761,,,,,,
NB-Fenest-ManufWin,DEER2024,D24_E+_Com_v1,2026-09-14 20:09:17,Any,SCn,Ex,CZ09,cWtd,Each,1,500000,None,2620,0.956,-562,,,,,,,,,,,,20,"",4120947.7,71124.64846416382,,,4118332.42,71686.59897610922,,,,,,
NB-Fenest-ManufWin,DEER2024,D24_E+_Com_v1,2026-09-14 20:09:17,Any,SCn,Ex,CZ10,cWtd,Each,1,500000,None,-1790,-1.06,-253,,,,,,,,,,,,20,"",4353852.49,77003.60614334472,,,4355639.6,77256.1300341297,,,,,,
NB-Fenest-ManufWin,DEER2024,D24_E+_Com_v1,2026-09-14 20:09:17,Any,SCn,Ex,CZ11,cWtd,Each,1,500000,None,4000,0.62,-115,,,,,,,,,,,,20,"",4535891.41,112570.9061433447,,,4531888.630000001,112685.98668941979,,,,,,
NB-Fenest-ManufWin,DEER2024,D24_E+_Com_v1,2026-09-14 20:09:17,Any,SCn,Ex,CZ12,cWtd,Each,1,500000,None,341,-0.037,-185,,,,,,,,,,,,20,"",3634886.5800000005,94804.97508532423,,,3634545.7100000004,94990.3324232082,,,,,,
NB-Fenest-ManufWin,DEER2024,D24_E+_Com_v1,2026-09-14 20:09:17,Any,SCn,Ex,CZ13,cWtd,Each,1,500000,None,3830,0.779,-166,,,,,,,,,,,,20,"",4745436.910000001,101337.75699658704,,,4741607.7,101503.88293515358,,,,,,
NB-Fenest-ManufWin,DEER2024,D24_E+_Com_v1,2026-09-14 20:09:17,Any,SCn,Ex,CZ14,cWtd,Each,1,500000,None,1030,-0.011,-109,,,,,,,,,,,,20,"",4619979.15,98547.13139931741,,,4618949.460000001,98656.53788395903,,,,,,
NB-Fenest-ManufWin,DEER2024,D24_E+_Com_v1,2026-09-14 20:09:17,Any,SCn,Ex,CZ15,cWtd,Each,1,500000,None,5550,1.86,-255,,,,,,,,,,,,20,"",6436718.98,99789.99556313994,,,6431168.930000001,100045.10955631398,,,,,,
NB-Fenest-ManufWin,DEER2024,D24_E+_Com_v1,2026-09-14 20:09:17,Any,SCn,Ex,CZ16,cWtd,Each,1,500000,None,844,0.723,246,,,,,,,,,,,,20,"",3057694.48,122865.6771331058,,,3056850.13,122619.61979522184,,,,,,
NB-Fenest-ManufWin,DEER2024,D24_E+_Com_v1,2026-09-14 20:09:31,Any,Com,Ex,CZ12,cWtd,Each,1,227000,None,16400,9.62,1180,,,,,,,,,,,,20,"",1856136.694623356,29233.33560156814,,,1839710.3640030494,28056.50752218346,,,,,,
NB-Fenest-ManufWin,DEER2024,D24_E+_Com_v1,2026-09-14 20:09:31,Any,Com,Ex,CZ13,cWtd,Each,1,214000,None,21100,7.45,650,,,,,,,,,,,,20,"",2094400.9228070932,28843.674692178287,,,2073309.7889126504,28193.346803892593,,,,,,
NB-Fenest-ManufWin,DEER2024,D24_E+_Com_v1,2026-09-14 20:09:31,Any,Com,Ex,CZ08,cWtd,Each,1,233000,None,25600,9.36,359,,,,,,,,,,,,20,"",2113994.939858817,21973.996493925006,,,2088289.6409192407,21614.763979622057,,,,,,
NB-Fenest-ManufWin,DEER2024,D24_E+_Com_v1,2026-09-14 20:09:31,Any,Com,Ex,CZ16,cWtd,Each,1,245000,None,5800,4.32,2100,,,,,,,,,,,,20,"",1945867.1134196627,41226.05187322388,,,1940073.783163856,39129.577660145136,,,,,,
NB-Fenest-ManufWin,DEER2024,D24_E+_Com_v1,2026-09-14 20:09:31,Any,Com,Ex,CZ01,cWtd,Each,1,216000,None,2560,2.07,1400,,,,,,,,,,,,20,"",1218913.1428467357,34574.703432477436,,,1216356.3567974223,33175.87249026266,,,,,,
NB-Fenest-ManufWin,DEER2024,D24_E+_Com_v1,2026-09-14 20:09:31,Any,Com,Ex,CZ07,cWtd,Each,1,210000,None,19700,7.02,388,,,,,,,,,,,,20,"",1714636.1275389665,13264.64937938938,,,1694970.6178363566,12876.956341995105,,,,,,
NB-Fenest-ManufWin,DEER2024,D24_E+_Com_v1,2026-09-14 20:09:31,Any,Com,Ex,CZ15,cWtd,Each,1,176000,None,23300,11.2,426,,,,,,,,,,,,20,"",2068965.2551735407,18665.158168833073,,,2045679.1247488882,18238.851208537584,,,,,,
NB-Fenest-ManufWin,DEER2024,D24_E+_Com_v1,2026-09-14 20:09:31,Any,Com,Ex,CZ04,cWtd,Each,1,234000,None,32800,14.6,1620,,,,,,,,,,,,20,"",1866184.4932511193,26163.147594916525,,,1833370.9580019538,24545.17236916743,,,,,,
NB-Fenest-ManufWin,DEER2024,D24_E+_Com_v1,2026-09-14 20:09:31,Any,Com,Ex,CZ14,cWtd,Each,1,177000,None,14800,7.15,874,,,,,,,,,,,,20,"",1778649.2852778928,25070.568184835796,,,1763821.0362293685,24196.143982346617,,,,,,
NB-Fenest-ManufWin,DEER2024,D24_E+_Com_v1,2026-09-14 20:09:31,Any,Com,Ex,CZ06,cWtd,Each,1,207000,None,16500,5.8,351,,,,,,,,,,,,20,"",1647175.2394078008,14731.638630626894,,,1630717.9881368,14380.873072818767,,,,,,
NB-Fenest-ManufWin,DEER2024,D24_E+_Com_v1,2026-09-14 20:09:31,Any,Com,Ex,CZ10,cWtd,Each,1,244000,None,4840,2.33,303,,,,,,,,,,,,20,"",2275151.2205909626,31640.01031091822,,,2270312.209667709,31336.870487672055,,,,,,
NB-Fenest-ManufWin,DEER2024,D24_E+_Com_v1,2026-09-14 20:09:31,Any,Com,Ex,CZ05,cWtd,Each,1,233000,None,18400,7.49,1000,,,,,,,,,,,,20,"",1652240.377616889,20099.671634652706,,,1633842.7015126331,19094.806129650427,,,,,,
NB-Fenest-ManufWin,DEER2024,D24_E+_Com_v1,2026-09-14 20:09:31,Any,Com,Ex,CZ03,cWtd,Each,1,250000,None,18100,10.3,1550,,,,,,,,,,,,20,"",1573159.5732758655,21042.104537622185,,,1555028.6065385968,19487.22446693466,,,,,,
NB-Fenest-ManufWin,DEER2024,D24_E+_Com_v1,2026-09-14 20:09:31,Any,Com,Ex,CZ02,cWtd,Each,1,231000,None,18300,9.86,1330,,,,,,,,,,,,20,"",1697864.2226962976,30427.054968196822,,,1679599.0001922825,29093.632820679337,,,,,,
NB-Fenest-ManufWin,DEER2024,D24_E+_Com_v1,2026-09-14 20:09:31,Any,Com,Ex,CZ11,cWtd,Each,1,234000,None,25600,11.1,1110,,,,,,,,,,,,20,"",2230321.6916528153,34221.13709107657,,,2204664.0249514566,33106.34375386859,,,,,,
NB-Fenest-ManufWin,DEER2024,D24_E+_Com_v1,2026-09-14 20:09:31,Any,Com,Ex,CZ09,cWtd,Each,1,218000,None,28700,11.3,539,,,,,,,,,,,,20,"",1952727.4436773984,19621.737320894597,,,1923978.8942437782,19082.639903979314,,,,,,
